Timestamp,Device_ID,Temperature_C,Humidity_%,Distance_cm,Material_Level_%,Status,Active_Alerts
2026-06-01 08:00:00,REMAC_001,35.0,43.8,21.15,49.6,SAFE,None
2026-06-01 08:00:05,REMAC_001,28.2,41.6,28.37,30.6,SAFE,None
2026-06-01 08:00:10,REMAC_001,30.3,45.0,9.49,80.3,SAFE,None
2026-06-01 08:00:15,REMAC_001,29.6,44.0,13.63,69.4,SAFE,None
2026-06-01 08:00:20,REMAC_001,28.3,43.3,6.22,88.9,SAFE,None
2026-06-01 08:00:25,REMAC_001,28.4,54.8,18.87,55.6,SAFE,None
2026-06-01 08:00:30,REMAC_001,33.0,52.2,15.07,65.6,SAFE,None
2026-06-01 08:00:35,REMAC_001,28.3,42.9,27.69,32.4,SAFE,None
2026-06-01 08:00:40,REMAC_001,29.0,46.0,13.93,68.6,SAFE,None
2026-06-01 08:00:45,REMAC_001,34.9,44.1,17.31,59.7,SAFE,None
2026-06-01 08:00:50,REMAC_001,32.0,51.8,20.2,52.1,SAFE,None
2026-06-01 08:00:55,REMAC_001,33.8,43.2,19.82,53.1,SAFE,None
2026-06-01 08:01:00,REMAC_001,31.6,53.1,4.32,93.9,SAFE,None
2026-06-01 08:01:05,REMAC_001,29.4,51.3,12.56,72.2,SAFE,None
2026-06-01 08:01:10,REMAC_001,29.0,43.2,18.0,57.9,SAFE,None
2026-06-01 08:01:15,REMAC_001,41.9,51.9,19.63,53.6,DANGER,High Temperature
2026-06-01 08:01:20,REMAC_001,35.2,53.1,5.91,89.7,SAFE,None
2026-06-01 08:01:25,REMAC_001,32.5,47.1,17.01,60.5,SAFE,None
2026-06-01 08:01:30,REMAC_001,32.2,48.7,16.14,62.8,SAFE,None
2026-06-01 08:01:35,REMAC_001,35.2,51.1,20.16,52.2,SAFE,None
2026-06-01 08:01:40,REMAC_001,28.9,41.6,38.25,4.6,DANGER,Low Material Level
2026-06-01 08:01:45,REMAC_001,31.1,64.3,25.94,37.0,DANGER,High Humidity
2026-06-01 08:01:50,REMAC_001,27.1,51.8,14.31,67.6,SAFE,None
2026-06-01 08:01:55,REMAC_001,31.7,45.0,2.95,97.5,SAFE,None
2026-06-01 08:02:00,REMAC_001,30.7,43.9,21.11,49.7,SAFE,None
2026-06-01 08:02:05,REMAC_001,28.8,54.0,8.23,83.6,SAFE,None
2026-06-01 08:02:10,REMAC_001,34.4,48.8,21.68,48.2,SAFE,None
2026-06-01 08:02:15,REMAC_001,28.0,50.0,5.0,92.1,SAFE,None
2026-06-01 08:02:20,REMAC_001,35.7,67.0,10.85,76.7,DANGER,High Humidity
2026-06-01 08:02:25,REMAC_001,46.4,54.2,17.43,59.4,DANGER,High Temperature
2026-06-01 08:02:30,REMAC_001,28.6,64.2,4.55,93.3,DANGER,High Humidity
2026-06-01 08:02:35,REMAC_001,34.5,40.9,26.28,36.1,SAFE,None
2026-06-01 08:02:40,REMAC_001,35.5,48.4,22.18,46.9,SAFE,None
2026-06-01 08:02:45,REMAC_001,27.4,40.4,38.94,2.8,DANGER,Low Material Level
2026-06-01 08:02:50,REMAC_001,31.4,50.5,25.22,38.9,SAFE,None
2026-06-01 08:02:55,REMAC_001,28.1,40.6,8.23,83.6,SAFE,None
2026-06-01 08:03:00,REMAC_001,35.8,48.0,6.64,87.8,SAFE,None
2026-06-01 08:03:05,REMAC_001,29.4,42.6,23.51,43.4,SAFE,None
2026-06-01 08:03:10,REMAC_001,30.1,51.9,26.32,36.0,SAFE,None
2026-06-01 08:03:15,REMAC_001,32.1,51.3,15.95,63.3,SAFE,None
2026-06-01 08:03:20,REMAC_001,32.9,50.8,25.79,37.4,SAFE,None
2026-06-01 08:03:25,REMAC_001,34.4,40.9,26.85,34.6,SAFE,None
2026-06-01 08:03:30,REMAC_001,29.8,44.3,38.29,4.5,DANGER,Low Material Level
2026-06-01 08:03:35,REMAC_001,33.8,53.6,16.1,62.9,SAFE,None
2026-06-01 08:03:40,REMAC_001,35.0,47.1,7.93,84.4,SAFE,None
2026-06-01 08:03:45,REMAC_001,33.0,49.5,25.26,38.8,SAFE,None
2026-06-01 08:03:50,REMAC_001,27.1,48.5,27.65,32.5,SAFE,None
2026-06-01 08:03:55,REMAC_001,28.8,54.8,9.6,80.0,SAFE,None
2026-06-01 08:04:00,REMAC_001,27.7,48.0,18.83,55.7,SAFE,None
2026-06-01 08:04:05,REMAC_001,28.2,53.0,5.15,91.7,SAFE,None
2026-06-01 08:04:10,REMAC_001,27.0,45.6,16.02,63.1,SAFE,None
2026-06-01 08:04:15,REMAC_001,33.5,41.5,21.11,49.7,SAFE,None
2026-06-01 08:04:20,REMAC_001,32.5,49.1,18.76,55.9,SAFE,None
2026-06-01 08:04:25,REMAC_001,44.5,53.9,9.94,79.1,DANGER,High Temperature
2026-06-01 08:04:30,REMAC_001,27.8,46.3,5.57,90.6,SAFE,None
2026-06-01 08:04:35,REMAC_001,34.5,47.6,3.14,97.0,SAFE,None
2026-06-01 08:04:40,REMAC_001,35.2,51.8,39.58,1.1,DANGER,Low Material Level
2026-06-01 08:04:45,REMAC_001,34.0,53.8,22.44,46.2,SAFE,None
2026-06-01 08:04:50,REMAC_001,32.6,45.0,13.82,68.9,SAFE,None
2026-06-01 08:04:55,REMAC_001,27.1,46.9,5.08,91.9,SAFE,None
2026-06-01 08:05:00,REMAC_001,29.9,41.0,16.71,61.3,SAFE,None
2026-06-01 08:05:05,REMAC_001,32.0,47.5,13.55,69.6,SAFE,None
2026-06-01 08:05:10,REMAC_001,27.3,68.2,4.81,92.6,DANGER,High Humidity
2026-06-01 08:05:15,REMAC_001,34.5,54.6,11.54,74.9,SAFE,None
2026-06-01 08:05:20,REMAC_001,32.7,47.6,17.69,58.7,SAFE,None
2026-06-01 08:05:25,REMAC_001,28.6,42.2,11.73,74.4,SAFE,None
2026-06-01 08:05:30,REMAC_001,32.4,50.9,15.49,64.5,SAFE,None
2026-06-01 08:05:35,REMAC_001,29.9,41.9,10.4,77.9,SAFE,None
2026-06-01 08:05:40,REMAC_001,29.3,43.3,10.78,76.9,SAFE,None
2026-06-01 08:05:45,REMAC_001,31.4,54.5,18.15,57.5,SAFE,None
2026-06-01 08:05:50,REMAC_001,33.8,43.5,28.26,30.9,SAFE,None
2026-06-01 08:05:55,REMAC_001,30.8,44.0,25.33,38.6,SAFE,None
2026-06-01 08:06:00,REMAC_001,28.2,47.1,27.35,33.3,SAFE,None
2026-06-01 08:06:05,REMAC_001,29.2,50.7,18.11,57.6,SAFE,None
2026-06-01 08:06:10,REMAC_001,28.1,51.0,6.9,87.1,SAFE,None
2026-06-01 08:06:15,REMAC_001,27.9,50.8,2.95,97.5,SAFE,None
2026-06-01 08:06:20,REMAC_001,29.3,49.1,8.54,82.8,SAFE,None
2026-06-01 08:06:25,REMAC_001,35.2,41.5,24.42,41.0,SAFE,None
2026-06-01 08:06:30,REMAC_001,32.8,45.5,20.05,52.5,SAFE,None
2026-06-01 08:06:35,REMAC_001,28.5,49.7,26.59,35.3,SAFE,None
2026-06-01 08:06:40,REMAC_001,34.3,48.3,18.87,55.6,SAFE,None
2026-06-01 08:06:45,REMAC_001,32.8,66.7,24.69,40.3,DANGER,High Humidity
2026-06-01 08:06:50,REMAC_001,28.8,54.9,27.04,34.1,SAFE,None
2026-06-01 08:06:55,REMAC_001,27.3,45.8,24.61,40.5,SAFE,None
2026-06-01 08:07:00,REMAC_001,35.7,63.1,22.71,45.5,DANGER,High Humidity
2026-06-01 08:07:05,REMAC_001,34.2,63.7,2.8,97.9,DANGER,High Humidity
2026-06-01 08:07:10,REMAC_001,45.5,49.2,15.41,64.7,DANGER,High Temperature
2026-06-01 08:07:15,REMAC_001,46.5,44.1,5.61,90.5,DANGER,High Temperature
2026-06-01 08:07:20,REMAC_001,31.0,52.6,28.52,30.2,SAFE,None
2026-06-01 08:07:25,REMAC_001,28.2,47.6,10.32,78.1,SAFE,None
2026-06-01 08:07:30,REMAC_001,35.7,43.8,37.04,7.8,DANGER,Low Material Level
2026-06-01 08:07:35,REMAC_001,28.3,44.9,28.52,30.2,SAFE,None
2026-06-01 08:07:40,REMAC_001,30.0,42.5,28.07,31.4,SAFE,None
2026-06-01 08:07:45,REMAC_001,33.3,48.9,11.88,74.0,SAFE,None
2026-06-01 08:07:50,REMAC_001,27.7,49.1,7.4,85.8,SAFE,None
2026-06-01 08:07:55,REMAC_001,27.6,51.7,11.92,73.9,SAFE,None
2026-06-01 08:08:00,REMAC_001,28.6,48.8,5.38,91.1,SAFE,None
2026-06-01 08:08:05,REMAC_001,28.5,53.8,11.12,76.0,SAFE,None
2026-06-01 08:08:10,REMAC_001,27.5,71.7,34.34,14.9,DANGER,High Humidity; Low Material Level
2026-06-01 08:08:15,REMAC_001,34.5,70.7,19.94,52.8,DANGER,High Humidity
2026-06-01 08:08:20,REMAC_001,28.6,50.8,20.89,50.3,SAFE,None
2026-06-01 08:08:25,REMAC_001,30.4,65.8,13.78,69.0,DANGER,High Humidity
2026-06-01 08:08:30,REMAC_001,30.8,50.5,11.69,74.5,SAFE,None
2026-06-01 08:08:35,REMAC_001,34.8,44.5,19.78,53.2,SAFE,None
2026-06-01 08:08:40,REMAC_001,31.1,44.0,21.38,49.0,SAFE,None
2026-06-01 08:08:45,REMAC_001,43.1,52.6,27.57,32.7,DANGER,High Temperature
2026-06-01 08:08:50,REMAC_001,34.2,54.3,6.45,88.3,SAFE,None
2026-06-01 08:08:55,REMAC_001,30.5,53.9,20.28,51.9,SAFE,None
2026-06-01 08:09:00,REMAC_001,31.7,42.4,28.45,30.4,SAFE,None
2026-06-01 08:09:05,REMAC_001,33.1,41.7,8.16,83.8,SAFE,None
2026-06-01 08:09:10,REMAC_001,31.3,41.2,13.97,68.5,SAFE,None
2026-06-01 08:09:15,REMAC_001,29.9,42.7,9.41,80.5,SAFE,None
2026-06-01 08:09:20,REMAC_001,47.8,43.4,7.62,85.2,DANGER,High Temperature
2026-06-01 08:09:25,REMAC_001,35.9,54.6,26.17,36.4,SAFE,None
2026-06-01 08:09:30,REMAC_001,30.4,40.9,10.13,78.6,SAFE,None
2026-06-01 08:09:35,REMAC_001,42.9,40.6,28.71,29.7,DANGER,High Temperature
2026-06-01 08:09:40,REMAC_001,30.9,45.2,5.19,91.6,SAFE,None
2026-06-01 08:09:45,REMAC_001,31.0,51.2,20.73,50.7,SAFE,None
2026-06-01 08:09:50,REMAC_001,32.3,52.5,8.84,82.0,SAFE,None
2026-06-01 08:09:55,REMAC_001,34.2,43.1,37.26,7.2,DANGER,Low Material Level
2026-06-01 08:10:00,REMAC_001,34.9,50.0,19.25,54.6,SAFE,None
2026-06-01 08:10:05,REMAC_001,30.1,44.6,21.8,47.9,SAFE,None
2026-06-01 08:10:10,REMAC_001,30.8,50.3,28.6,30.0,SAFE,None
2026-06-01 08:10:15,REMAC_001,34.0,51.1,20.89,50.3,SAFE,None
2026-06-01 08:10:20,REMAC_001,30.2,49.9,10.78,76.9,SAFE,None
2026-06-01 08:10:25,REMAC_001,28.6,54.3,6.75,87.5,SAFE,None
2026-06-01 08:10:30,REMAC_001,32.6,49.8,35.33,12.3,DANGER,Low Material Level
2026-06-01 08:10:35,REMAC_001,32.2,50.8,19.4,54.2,SAFE,None
2026-06-01 08:10:40,REMAC_001,28.8,48.3,3.98,94.8,SAFE,None
2026-06-01 08:10:45,REMAC_001,29.9,45.8,16.63,61.5,SAFE,None
2026-06-01 08:10:50,REMAC_001,35.8,49.5,39.2,2.1,DANGER,Low Material Level
2026-06-01 08:10:55,REMAC_001,30.3,47.1,39.01,2.6,DANGER,Low Material Level
2026-06-01 08:11:00,REMAC_001,33.0,46.1,25.56,38.0,SAFE,None
2026-06-01 08:11:05,REMAC_001,29.8,68.0,21.65,48.3,DANGER,High Humidity
2026-06-01 08:11:10,REMAC_001,27.2,41.9,8.0,84.2,SAFE,None
2026-06-01 08:11:15,REMAC_001,34.0,47.6,5.27,91.4,SAFE,None
2026-06-01 08:11:20,REMAC_001,28.4,49.2,9.98,79.0,SAFE,None
2026-06-01 08:11:25,REMAC_001,36.0,51.4,29.17,28.5,SAFE,None
2026-06-01 08:11:30,REMAC_001,27.3,47.1,10.47,77.7,SAFE,None
2026-06-01 08:11:35,REMAC_001,27.5,49.4,23.36,43.8,SAFE,None
2026-06-01 08:11:40,REMAC_001,33.7,45.1,21.27,49.3,SAFE,None
2026-06-01 08:11:45,REMAC_001,27.2,51.7,10.78,76.9,SAFE,None
2026-06-01 08:11:50,REMAC_001,30.7,43.5,24.65,40.4,SAFE,None
2026-06-01 08:11:55,REMAC_001,29.8,47.0,11.88,74.0,SAFE,None
2026-06-01 08:12:00,REMAC_001,29.9,46.9,12.41,72.6,SAFE,None
2026-06-01 08:12:05,REMAC_001,28.3,50.1,9.94,79.1,SAFE,None
2026-06-01 08:12:10,REMAC_001,32.6,49.6,22.03,47.3,SAFE,None
2026-06-01 08:12:15,REMAC_001,33.2,51.2,18.61,56.3,SAFE,None
2026-06-01 08:12:20,REMAC_001,31.7,40.4,16.21,62.6,SAFE,None
2026-06-01 08:12:25,REMAC_001,28.6,54.4,23.66,43.0,SAFE,None
2026-06-01 08:12:30,REMAC_001,27.7,50.0,5.84,89.9,SAFE,None
2026-06-01 08:12:35,REMAC_001,28.9,53.0,14.92,66.0,SAFE,None
2026-06-01 08:12:40,REMAC_001,34.1,64.6,16.36,62.2,DANGER,High Humidity
2026-06-01 08:12:45,REMAC_001,31.8,43.3,24.27,41.4,SAFE,None
2026-06-01 08:12:50,REMAC_001,34.3,68.9,24.34,41.2,DANGER,High Humidity
2026-06-01 08:12:55,REMAC_001,29.2,43.1,11.99,73.7,SAFE,None
2026-06-01 08:13:00,REMAC_001,30.9,41.0,9.56,80.1,SAFE,None
2026-06-01 08:13:05,REMAC_001,35.2,51.3,24.42,41.0,SAFE,None
2026-06-01 08:13:10,REMAC_001,35.9,45.1,25.75,37.5,SAFE,None
2026-06-01 08:13:15,REMAC_001,34.0,47.9,7.59,85.3,SAFE,None
2026-06-01 08:13:20,REMAC_001,32.6,54.9,19.9,52.9,SAFE,None
2026-06-01 08:13:25,REMAC_001,34.7,40.7,21.27,49.3,SAFE,None
2026-06-01 08:13:30,REMAC_001,28.2,42.5,19.56,53.8,SAFE,None
2026-06-01 08:13:35,REMAC_001,31.9,49.0,3.79,95.3,SAFE,None
2026-06-01 08:13:40,REMAC_001,36.0,51.5,25.37,38.5,SAFE,None
2026-06-01 08:13:45,REMAC_001,32.9,41.1,13.36,70.1,SAFE,None
2026-06-01 08:13:50,REMAC_001,33.6,54.9,8.0,84.2,SAFE,None
2026-06-01 08:13:55,REMAC_001,28.4,48.0,22.25,46.7,SAFE,None
2026-06-01 08:14:00,REMAC_001,29.8,62.1,28.52,30.2,DANGER,High Humidity
2026-06-01 08:14:05,REMAC_001,29.4,49.1,16.4,62.1,SAFE,None
2026-06-01 08:14:10,REMAC_001,35.9,42.0,18.15,57.5,SAFE,None
2026-06-01 08:14:15,REMAC_001,35.6,46.3,5.61,90.5,SAFE,None
2026-06-01 08:14:20,REMAC_001,27.8,44.1,3.98,94.8,SAFE,None
2026-06-01 08:14:25,REMAC_001,31.0,64.3,24.53,40.7,DANGER,High Humidity
2026-06-01 08:14:30,REMAC_001,28.8,51.9,3.52,96.0,SAFE,None
2026-06-01 08:14:35,REMAC_001,28.5,47.4,3.94,94.9,SAFE,None
2026-06-01 08:14:40,REMAC_001,32.8,43.9,7.81,84.7,SAFE,None
2026-06-01 08:14:45,REMAC_001,35.5,74.3,15.87,63.5,DANGER,High Humidity
2026-06-01 08:14:50,REMAC_001,29.3,43.4,19.4,54.2,SAFE,None
2026-06-01 08:14:55,REMAC_001,34.2,47.7,27.12,33.9,SAFE,None
2026-06-01 08:15:00,REMAC_001,29.7,53.5,11.04,76.2,SAFE,None
2026-06-01 08:15:05,REMAC_001,28.5,44.2,37.42,6.8,DANGER,Low Material Level
2026-06-01 08:15:10,REMAC_001,32.5,54.0,7.28,86.1,SAFE,None
2026-06-01 08:15:15,REMAC_001,27.8,44.4,10.32,78.1,SAFE,None
2026-06-01 08:15:20,REMAC_001,33.6,47.5,13.63,69.4,SAFE,None
2026-06-01 08:15:25,REMAC_001,30.6,41.6,13.36,70.1,SAFE,None
2026-06-01 08:15:30,REMAC_001,29.2,50.6,39.89,0.3,DANGER,Low Material Level
2026-06-01 08:15:35,REMAC_001,31.2,42.5,25.98,36.9,SAFE,None
2026-06-01 08:15:40,REMAC_001,32.0,52.2,19.18,54.8,SAFE,None
2026-06-01 08:15:45,REMAC_001,31.5,50.7,23.43,43.6,SAFE,None
2026-06-01 08:15:50,REMAC_001,32.3,47.3,29.85,26.7,SAFE,None
2026-06-01 08:15:55,REMAC_001,28.5,48.9,9.3,80.8,SAFE,None
2026-06-01 08:16:00,REMAC_001,29.2,41.6,24.5,40.8,SAFE,None
2026-06-01 08:16:05,REMAC_001,29.5,43.1,6.71,87.6,SAFE,None
2026-06-01 08:16:10,REMAC_001,27.2,43.1,8.12,83.9,SAFE,None
2026-06-01 08:16:15,REMAC_001,32.3,45.3,36.88,8.2,DANGER,Low Material Level
2026-06-01 08:16:20,REMAC_001,30.6,41.3,17.5,59.2,SAFE,None
2026-06-01 08:16:25,REMAC_001,32.1,46.1,26.97,34.3,SAFE,None
2026-06-01 08:16:30,REMAC_001,31.3,53.1,15.11,65.5,SAFE,None
2026-06-01 08:16:35,REMAC_001,32.9,47.5,25.6,37.9,SAFE,None
2026-06-01 08:16:40,REMAC_001,43.2,43.4,27.12,33.9,DANGER,High Temperature
2026-06-01 08:16:45,REMAC_001,29.5,53.8,24.12,41.8,SAFE,None
2026-06-01 08:16:50,REMAC_001,30.9,40.2,19.78,53.2,SAFE,None
2026-06-01 08:16:55,REMAC_001,35.4,42.6,25.83,37.3,SAFE,None
2026-06-01 08:17:00,REMAC_001,33.5,65.2,21.11,49.7,DANGER,High Humidity
2026-06-01 08:17:05,REMAC_001,36.0,47.5,21.46,48.8,SAFE,None
2026-06-01 08:17:10,REMAC_001,33.9,51.1,15.79,63.7,SAFE,None
2026-06-01 08:17:15,REMAC_001,27.9,47.9,29.32,28.1,SAFE,None
2026-06-01 08:17:20,REMAC_001,29.3,44.1,11.61,74.7,SAFE,None
2026-06-01 08:17:25,REMAC_001,28.7,41.0,21.04,49.9,SAFE,None
2026-06-01 08:17:30,REMAC_001,29.9,54.9,23.47,43.5,SAFE,None
2026-06-01 08:17:35,REMAC_001,31.1,70.9,24.5,40.8,DANGER,High Humidity
2026-06-01 08:17:40,REMAC_001,28.5,51.9,22.79,45.3,SAFE,None
2026-06-01 08:17:45,REMAC_001,31.2,48.8,8.0,84.2,SAFE,None
2026-06-01 08:17:50,REMAC_001,35.0,49.5,27.0,34.2,SAFE,None
2026-06-01 08:17:55,REMAC_001,45.1,50.4,12.56,72.2,DANGER,High Temperature
2026-06-01 08:18:00,REMAC_001,34.7,45.9,11.42,75.2,SAFE,None
2026-06-01 08:18:05,REMAC_001,33.1,46.4,8.35,83.3,SAFE,None
2026-06-01 08:18:10,REMAC_001,31.6,48.2,8.54,82.8,SAFE,None
2026-06-01 08:18:15,REMAC_001,34.0,42.2,4.89,92.4,SAFE,None
2026-06-01 08:18:20,REMAC_001,34.9,45.8,5.42,91.0,SAFE,None
2026-06-01 08:18:25,REMAC_001,30.1,50.1,10.51,77.6,SAFE,None
2026-06-01 08:18:30,REMAC_001,33.4,52.1,11.08,76.1,SAFE,None
2026-06-01 08:18:35,REMAC_001,28.8,49.2,8.88,81.9,SAFE,None
2026-06-01 08:18:40,REMAC_001,29.3,51.8,5.76,90.1,SAFE,None
2026-06-01 08:18:45,REMAC_001,30.5,54.0,8.04,84.1,SAFE,None
2026-06-01 08:18:50,REMAC_001,28.1,47.6,20.54,51.2,SAFE,None
2026-06-01 08:18:55,REMAC_001,33.8,41.6,19.14,54.9,SAFE,None
2026-06-01 08:19:00,REMAC_001,27.2,65.6,15.0,65.8,DANGER,High Humidity
2026-06-01 08:19:05,REMAC_001,43.5,44.1,16.06,63.0,DANGER,High Temperature
2026-06-01 08:19:10,REMAC_001,35.2,52.6,38.37,4.3,DANGER,Low Material Level
2026-06-01 08:19:15,REMAC_001,34.7,54.8,22.37,46.4,SAFE,None
2026-06-01 08:19:20,REMAC_001,46.5,45.4,11.73,74.4,DANGER,High Temperature
2026-06-01 08:19:25,REMAC_001,31.4,42.7,35.78,11.1,DANGER,Low Material Level
2026-06-01 08:19:30,REMAC_001,30.5,63.3,23.51,43.4,DANGER,High Humidity
2026-06-01 08:19:35,REMAC_001,35.1,53.8,5.65,90.4,SAFE,None
2026-06-01 08:19:40,REMAC_001,29.0,48.1,18.07,57.7,SAFE,None
2026-06-01 08:19:45,REMAC_001,28.4,49.0,13.06,70.9,SAFE,None
2026-06-01 08:19:50,REMAC_001,33.8,45.3,28.07,31.4,SAFE,None
2026-06-01 08:19:55,REMAC_001,33.3,43.0,24.04,42.0,SAFE,None
2026-06-01 08:20:00,REMAC_001,35.3,73.3,17.16,60.1,DANGER,High Humidity
2026-06-01 08:20:05,REMAC_001,33.4,48.7,25.79,37.4,SAFE,None
2026-06-01 08:20:10,REMAC_001,31.3,47.2,11.35,75.4,SAFE,None
2026-06-01 08:20:15,REMAC_001,27.2,50.5,8.46,83.0,SAFE,None
2026-06-01 08:20:20,REMAC_001,35.1,45.3,12.34,72.8,SAFE,None
2026-06-01 08:20:25,REMAC_001,30.7,41.6,7.89,84.5,SAFE,None
2026-06-01 08:20:30,REMAC_001,47.7,40.3,5.42,91.0,DANGER,High Temperature
2026-06-01 08:20:35,REMAC_001,29.4,74.8,20.89,50.3,DANGER,High Humidity
2026-06-01 08:20:40,REMAC_001,30.4,51.7,12.37,72.7,SAFE,None
2026-06-01 08:20:45,REMAC_001,30.3,53.1,18.19,57.4,SAFE,None
2026-06-01 08:20:50,REMAC_001,44.3,50.8,13.51,69.7,DANGER,High Temperature
2026-06-01 08:20:55,REMAC_001,34.7,43.6,6.64,87.8,SAFE,None
2026-06-01 08:21:00,REMAC_001,32.2,44.5,6.94,87.0,SAFE,None
2026-06-01 08:21:05,REMAC_001,34.4,50.4,8.23,83.6,SAFE,None
2026-06-01 08:21:10,REMAC_001,28.3,51.7,19.29,54.5,SAFE,None
2026-06-01 08:21:15,REMAC_001,28.2,51.2,35.4,12.1,DANGER,Low Material Level
2026-06-01 08:21:20,REMAC_001,30.8,62.2,5.69,90.3,DANGER,High Humidity
2026-06-01 08:21:25,REMAC_001,33.5,41.8,25.14,39.1,SAFE,None
2026-06-01 08:21:30,REMAC_001,28.5,48.7,36.01,10.5,DANGER,Low Material Level
2026-06-01 08:21:35,REMAC_001,27.0,53.8,16.02,63.1,SAFE,None
2026-06-01 08:21:40,REMAC_001,33.1,43.5,27.12,33.9,SAFE,None
2026-06-01 08:21:45,REMAC_001,29.3,73.7,11.27,75.6,DANGER,High Humidity
2026-06-01 08:21:50,REMAC_001,29.8,43.6,22.79,45.3,SAFE,None
2026-06-01 08:21:55,REMAC_001,27.2,42.7,9.56,80.1,SAFE,None
2026-06-01 08:22:00,REMAC_001,42.3,44.6,8.42,83.1,DANGER,High Temperature
2026-06-01 08:22:05,REMAC_001,34.5,43.4,17.5,59.2,SAFE,None
2026-06-01 08:22:10,REMAC_001,35.2,44.2,7.05,86.7,SAFE,None
2026-06-01 08:22:15,REMAC_001,44.7,40.7,10.44,77.8,DANGER,High Temperature
2026-06-01 08:22:20,REMAC_001,29.0,73.0,25.18,39.0,DANGER,High Humidity
2026-06-01 08:22:25,REMAC_001,30.5,43.4,27.19,33.7,SAFE,None
2026-06-01 08:22:30,REMAC_001,35.4,42.3,30.39,25.3,SAFE,None
2026-06-01 08:22:35,REMAC_001,33.3,41.0,24.99,39.5,SAFE,None
2026-06-01 08:22:40,REMAC_001,28.5,41.5,29.13,28.6,SAFE,None
2026-06-01 08:22:45,REMAC_001,27.8,54.0,4.7,92.9,SAFE,None
2026-06-01 08:22:50,REMAC_001,35.4,48.0,6.48,88.2,SAFE,None
2026-06-01 08:22:55,REMAC_001,31.0,45.8,29.82,26.8,SAFE,None
2026-06-01 08:23:00,REMAC_001,29.1,45.0,28.11,31.3,SAFE,None
2026-06-01 08:23:05,REMAC_001,34.1,49.6,9.26,80.9,SAFE,None
2026-06-01 08:23:10,REMAC_001,41.6,40.9,30.08,26.1,DANGER,High Temperature
2026-06-01 08:23:15,REMAC_001,33.8,52.5,7.13,86.5,SAFE,None
2026-06-01 08:23:20,REMAC_001,31.5,40.7,13.97,68.5,SAFE,None
2026-06-01 08:23:25,REMAC_001,30.7,43.5,4.58,93.2,SAFE,None
2026-06-01 08:23:30,REMAC_001,30.1,74.3,9.75,79.6,DANGER,High Humidity
2026-06-01 08:23:35,REMAC_001,46.3,50.1,26.66,35.1,DANGER,High Temperature
2026-06-01 08:23:40,REMAC_001,34.2,51.7,22.18,46.9,SAFE,None
2026-06-01 08:23:45,REMAC_001,31.4,43.8,38.75,3.3,DANGER,Low Material Level
2026-06-01 08:23:50,REMAC_001,43.1,51.4,14.62,66.8,DANGER,High Temperature
2026-06-01 08:23:55,REMAC_001,30.2,42.1,14.31,67.6,SAFE,None
2026-06-01 08:24:00,REMAC_001,33.9,46.3,9.3,80.8,SAFE,None
2026-06-01 08:24:05,REMAC_001,35.7,41.3,14.92,66.0,SAFE,None
2026-06-01 08:24:10,REMAC_001,34.5,44.2,14.5,67.1,SAFE,None
2026-06-01 08:24:15,REMAC_001,34.3,45.0,9.98,79.0,SAFE,None
2026-06-01 08:24:20,REMAC_001,27.0,47.5,34.76,13.8,DANGER,Low Material Level
2026-06-01 08:24:25,REMAC_001,30.6,42.8,27.0,34.2,SAFE,None
2026-06-01 08:24:30,REMAC_001,31.0,42.6,26.59,35.3,SAFE,None
2026-06-01 08:24:35,REMAC_001,30.5,54.9,21.27,49.3,SAFE,None
2026-06-01 08:24:40,REMAC_001,35.2,50.9,26.97,34.3,SAFE,None
2026-06-01 08:24:45,REMAC_001,34.0,42.0,19.18,54.8,SAFE,None
2026-06-01 08:24:50,REMAC_001,29.9,44.5,29.02,28.9,SAFE,None
2026-06-01 08:24:55,REMAC_001,28.7,43.5,21.42,48.9,SAFE,None
2026-06-01 08:25:00,REMAC_001,31.3,50.7,37.26,7.2,DANGER,Low Material Level
2026-06-01 08:25:05,REMAC_001,32.2,49.8,14.43,67.3,SAFE,None
2026-06-01 08:25:10,REMAC_001,31.9,52.7,5.91,89.7,SAFE,None
2026-06-01 08:25:15,REMAC_001,32.0,41.8,34.68,14.0,DANGER,Low Material Level
2026-06-01 08:25:20,REMAC_001,29.6,70.2,21.61,48.4,DANGER,High Humidity
2026-06-01 08:25:25,REMAC_001,27.5,44.3,13.51,69.7,SAFE,None
2026-06-01 08:25:30,REMAC_001,31.6,47.7,26.51,35.5,SAFE,None
2026-06-01 08:25:35,REMAC_001,31.3,48.8,29.44,27.8,SAFE,None
2026-06-01 08:25:40,REMAC_001,33.1,44.9,21.76,48.0,SAFE,None
2026-06-01 08:25:45,REMAC_001,42.8,47.5,36.77,8.5,DANGER,High Temperature; Low Material Level
2026-06-01 08:25:50,REMAC_001,33.1,48.6,6.75,87.5,SAFE,None
2026-06-01 08:25:55,REMAC_001,35.4,64.5,5.15,91.7,DANGER,High Humidity
2026-06-01 08:26:00,REMAC_001,34.3,42.3,20.43,51.5,SAFE,None
2026-06-01 08:26:05,REMAC_001,32.4,52.5,11.31,75.5,SAFE,None
2026-06-01 08:26:10,REMAC_001,41.0,43.7,5.84,89.9,DANGER,High Temperature
2026-06-01 08:26:15,REMAC_001,33.6,47.1,30.16,25.9,SAFE,None
2026-06-01 08:26:20,REMAC_001,28.9,52.4,6.6,87.9,SAFE,None
2026-06-01 08:26:25,REMAC_001,27.0,40.4,19.33,54.4,SAFE,None
2026-06-01 08:26:30,REMAC_001,29.5,53.9,8.99,81.6,SAFE,None
2026-06-01 08:26:35,REMAC_001,27.5,50.5,27.42,33.1,SAFE,None
2026-06-01 08:26:40,REMAC_001,29.0,49.4,24.38,41.1,SAFE,None
2026-06-01 08:26:45,REMAC_001,34.2,43.7,28.26,30.9,SAFE,None
2026-06-01 08:26:50,REMAC_001,33.9,45.6,27.73,32.3,SAFE,None
2026-06-01 08:26:55,REMAC_001,28.7,43.1,13.13,70.7,SAFE,None
2026-06-01 08:27:00,REMAC_001,29.1,72.5,23.13,44.4,DANGER,High Humidity
2026-06-01 08:27:05,REMAC_001,27.7,49.0,25.26,38.8,SAFE,None
2026-06-01 08:27:10,REMAC_001,32.2,44.1,7.28,86.1,SAFE,None
2026-06-01 08:27:15,REMAC_001,27.5,55.0,26.59,35.3,SAFE,None
2026-06-01 08:27:20,REMAC_001,35.3,44.0,12.64,72.0,SAFE,None
2026-06-01 08:27:25,REMAC_001,29.6,42.4,21.34,49.1,SAFE,None
2026-06-01 08:27:30,REMAC_001,33.7,49.5,28.41,30.5,SAFE,None
2026-06-01 08:27:35,REMAC_001,29.3,53.9,23.39,43.7,SAFE,None
2026-06-01 08:27:40,REMAC_001,29.8,52.0,35.97,10.6,DANGER,Low Material Level
2026-06-01 08:27:45,REMAC_001,42.8,43.0,5.27,91.4,DANGER,High Temperature
2026-06-01 08:27:50,REMAC_001,33.3,54.3,18.83,55.7,SAFE,None
2026-06-01 08:27:55,REMAC_001,31.1,45.1,26.28,36.1,SAFE,None
2026-06-01 08:28:00,REMAC_001,33.0,50.2,12.45,72.5,SAFE,None
2026-06-01 08:28:05,REMAC_001,35.3,41.0,23.96,42.2,SAFE,None
2026-06-01 08:28:10,REMAC_001,34.6,52.9,11.08,76.1,SAFE,None
2026-06-01 08:28:15,REMAC_001,27.5,51.3,26.66,35.1,SAFE,None
2026-06-01 08:28:20,REMAC_001,31.1,43.1,30.12,26.0,SAFE,None
2026-06-01 08:28:25,REMAC_001,33.1,43.9,11.65,74.6,SAFE,None
2026-06-01 08:28:30,REMAC_001,31.6,40.1,35.74,11.2,DANGER,Low Material Level
2026-06-01 08:28:35,REMAC_001,29.2,45.7,22.94,44.9,SAFE,None
2026-06-01 08:28:40,REMAC_001,34.4,41.9,28.3,30.8,SAFE,None
2026-06-01 08:28:45,REMAC_001,30.3,43.3,26.32,36.0,SAFE,None
2026-06-01 08:28:50,REMAC_001,27.6,51.7,20.51,51.3,SAFE,None
2026-06-01 08:28:55,REMAC_001,33.5,52.9,7.36,85.9,SAFE,None
2026-06-01 08:29:00,REMAC_001,30.5,43.5,22.14,47.0,SAFE,None
2026-06-01 08:29:05,REMAC_001,33.7,40.7,9.52,80.2,SAFE,None
2026-06-01 08:29:10,REMAC_001,28.7,54.6,6.94,87.0,SAFE,None
2026-06-01 08:29:15,REMAC_001,32.6,41.5,10.25,78.3,SAFE,None
2026-06-01 08:29:20,REMAC_001,34.3,45.6,17.28,59.8,SAFE,None
2026-06-01 08:29:25,REMAC_001,32.3,46.9,27.76,32.2,SAFE,None
2026-06-01 08:29:30,REMAC_001,28.4,40.5,23.47,43.5,SAFE,None
2026-06-01 08:29:35,REMAC_001,27.7,42.5,19.4,54.2,SAFE,None
2026-06-01 08:29:40,REMAC_001,29.0,47.8,19.25,54.6,SAFE,None
2026-06-01 08:29:45,REMAC_001,29.8,46.3,28.03,31.5,SAFE,None
2026-06-01 08:29:50,REMAC_001,31.6,47.3,9.79,79.5,SAFE,None
2026-06-01 08:29:55,REMAC_001,33.9,47.7,26.13,36.5,SAFE,None
2026-06-01 08:30:00,REMAC_001,42.6,52.2,23.05,44.6,DANGER,High Temperature
2026-06-01 08:30:05,REMAC_001,28.2,43.7,36.28,9.8,DANGER,Low Material Level
2026-06-01 08:30:10,REMAC_001,27.9,40.9,20.28,51.9,SAFE,None
2026-06-01 08:30:15,REMAC_001,34.2,42.1,19.1,55.0,SAFE,None
2026-06-01 08:30:20,REMAC_001,27.3,54.8,30.39,25.3,SAFE,None
2026-06-01 08:30:25,REMAC_001,32.9,54.9,26.28,36.1,SAFE,None
2026-06-01 08:30:30,REMAC_001,27.7,52.7,9.98,79.0,SAFE,None
2026-06-01 08:30:35,REMAC_001,32.3,40.8,18.23,57.3,SAFE,None
2026-06-01 08:30:40,REMAC_001,32.3,44.6,8.19,83.7,SAFE,None
2026-06-01 08:30:45,REMAC_001,35.8,41.9,18.8,55.8,SAFE,None
2026-06-01 08:30:50,REMAC_001,33.4,61.2,12.75,71.7,DANGER,High Humidity
2026-06-01 08:30:55,REMAC_001,34.5,45.3,14.05,68.3,SAFE,None
2026-06-01 08:31:00,REMAC_001,27.7,40.0,12.83,71.5,SAFE,None
2026-06-01 08:31:05,REMAC_001,32.0,45.9,6.71,87.6,SAFE,None
2026-06-01 08:31:10,REMAC_001,27.8,49.3,30.88,24.0,SAFE,None
2026-06-01 08:31:15,REMAC_001,31.5,46.3,30.88,24.0,SAFE,None
2026-06-01 08:31:20,REMAC_001,35.0,45.4,38.25,4.6,DANGER,Low Material Level
2026-06-01 08:31:25,REMAC_001,32.0,41.5,29.21,28.4,SAFE,None
2026-06-01 08:31:30,REMAC_001,31.5,44.0,18.42,56.8,SAFE,None
2026-06-01 08:31:35,REMAC_001,34.9,47.2,37.57,6.4,DANGER,Low Material Level
2026-06-01 08:31:40,REMAC_001,27.3,42.5,6.67,87.7,SAFE,None
2026-06-01 08:31:45,REMAC_001,34.7,44.8,18.38,56.9,SAFE,None
2026-06-01 08:31:50,REMAC_001,33.3,43.9,8.0,84.2,SAFE,None
2026-06-01 08:31:55,REMAC_001,33.4,53.4,29.82,26.8,SAFE,None
2026-06-01 08:32:00,REMAC_001,31.9,44.8,22.44,46.2,SAFE,None
2026-06-01 08:32:05,REMAC_001,32.4,53.4,17.12,60.2,SAFE,None
2026-06-01 08:32:10,REMAC_001,43.5,40.1,27.57,32.7,DANGER,High Temperature
2026-06-01 08:32:15,REMAC_001,35.5,44.4,21.46,48.8,SAFE,None
2026-06-01 08:32:20,REMAC_001,31.6,50.4,29.02,28.9,SAFE,None
2026-06-01 08:32:25,REMAC_001,33.1,52.6,25.67,37.7,SAFE,None
2026-06-01 08:32:30,REMAC_001,28.8,48.9,34.34,14.9,DANGER,Low Material Level
2026-06-01 08:32:35,REMAC_001,33.0,47.7,39.09,2.4,DANGER,Low Material Level
2026-06-01 08:32:40,REMAC_001,29.0,49.0,13.1,70.8,SAFE,None
2026-06-01 08:32:45,REMAC_001,29.1,46.1,13.36,70.1,SAFE,None
2026-06-01 08:32:50,REMAC_001,34.6,52.9,21.0,50.0,SAFE,None
2026-06-01 08:32:55,REMAC_001,28.2,42.9,14.01,68.4,SAFE,None
2026-06-01 08:33:00,REMAC_001,34.1,54.7,20.16,52.2,SAFE,None
2026-06-01 08:33:05,REMAC_001,32.4,42.0,25.52,38.1,SAFE,None
2026-06-01 08:33:10,REMAC_001,31.3,63.6,15.0,65.8,DANGER,High Humidity
2026-06-01 08:33:15,REMAC_001,35.3,49.2,14.96,65.9,SAFE,None
2026-06-01 08:33:20,REMAC_001,35.3,49.5,12.22,73.1,SAFE,None
2026-06-01 08:33:25,REMAC_001,35.8,45.0,8.04,84.1,SAFE,None
2026-06-01 08:33:30,REMAC_001,29.1,45.9,14.27,67.7,SAFE,None
2026-06-01 08:33:35,REMAC_001,42.6,51.1,12.53,72.3,DANGER,High Temperature
2026-06-01 08:33:40,REMAC_001,31.7,41.5,7.05,86.7,SAFE,None
2026-06-01 08:33:45,REMAC_001,27.5,46.3,7.28,86.1,SAFE,None
2026-06-01 08:33:50,REMAC_001,28.7,45.1,17.24,59.9,SAFE,None
2026-06-01 08:33:55,REMAC_001,31.4,45.8,11.54,74.9,SAFE,None
2026-06-01 08:34:00,REMAC_001,34.0,54.0,27.04,34.1,SAFE,None
2026-06-01 08:34:05,REMAC_001,46.0,70.6,12.56,72.2,DANGER,High Temperature; High Humidity
2026-06-01 08:34:10,REMAC_001,31.8,48.9,5.69,90.3,SAFE,None
2026-06-01 08:34:15,REMAC_001,45.1,48.0,31.07,23.5,DANGER,High Temperature
2026-06-01 08:34:20,REMAC_001,30.3,49.8,6.67,87.7,SAFE,None
2026-06-01 08:34:25,REMAC_001,35.4,43.7,27.65,32.5,SAFE,None
2026-06-01 08:34:30,REMAC_001,28.6,50.1,37.68,6.1,DANGER,Low Material Level
2026-06-01 08:34:35,REMAC_001,34.8,51.5,7.02,86.8,SAFE,None
2026-06-01 08:34:40,REMAC_001,31.5,47.7,38.44,4.1,DANGER,Low Material Level
2026-06-01 08:34:45,REMAC_001,32.3,43.9,19.29,54.5,SAFE,None
2026-06-01 08:34:50,REMAC_001,28.3,45.1,7.78,84.8,SAFE,None
2026-06-01 08:34:55,REMAC_001,28.5,43.5,38.25,4.6,DANGER,Low Material Level
2026-06-01 08:35:00,REMAC_001,31.3,48.1,29.63,27.3,SAFE,None
2026-06-01 08:35:05,REMAC_001,33.3,61.9,7.36,85.9,DANGER,High Humidity
2026-06-01 08:35:10,REMAC_001,32.1,53.9,12.3,72.9,SAFE,None
2026-06-01 08:35:15,REMAC_001,28.4,45.9,23.96,42.2,SAFE,None
2026-06-01 08:35:20,REMAC_001,28.5,49.0,23.74,42.8,SAFE,None
2026-06-01 08:35:25,REMAC_001,29.0,42.3,10.97,76.4,SAFE,None
2026-06-01 08:35:30,REMAC_001,27.2,51.2,6.67,87.7,SAFE,None
2026-06-01 08:35:35,REMAC_001,32.9,46.7,8.61,82.6,SAFE,None
2026-06-01 08:35:40,REMAC_001,47.4,45.4,7.28,86.1,DANGER,High Temperature
2026-06-01 08:35:45,REMAC_001,32.8,48.5,5.31,91.3,SAFE,None
2026-06-01 08:35:50,REMAC_001,30.9,67.8,29.93,26.5,DANGER,High Humidity
2026-06-01 08:35:55,REMAC_001,33.3,42.7,24.19,41.6,SAFE,None
2026-06-01 08:36:00,REMAC_001,31.9,48.2,31.49,22.4,SAFE,None
2026-06-01 08:36:05,REMAC_001,32.3,52.7,16.29,62.4,SAFE,None
2026-06-01 08:36:10,REMAC_001,27.7,48.8,7.85,84.6,SAFE,None
2026-06-01 08:36:15,REMAC_001,34.4,43.7,24.53,40.7,SAFE,None
2026-06-01 08:36:20,REMAC_001,33.7,51.2,29.7,27.1,SAFE,None
2026-06-01 08:36:25,REMAC_001,34.1,40.5,17.01,60.5,SAFE,None
2026-06-01 08:36:30,REMAC_001,43.2,48.0,38.1,5.0,DANGER,High Temperature; Low Material Level
2026-06-01 08:36:35,REMAC_001,34.8,40.4,13.48,69.8,SAFE,None
2026-06-01 08:36:40,REMAC_001,31.0,50.5,25.56,38.0,SAFE,None
2026-06-01 08:36:45,REMAC_001,29.7,48.9,10.51,77.6,SAFE,None
2026-06-01 08:36:50,REMAC_001,28.3,44.6,17.01,60.5,SAFE,None
2026-06-01 08:36:55,REMAC_001,35.0,50.9,22.14,47.0,SAFE,None
2026-06-01 08:37:00,REMAC_001,34.8,40.2,38.4,4.2,DANGER,Low Material Level
2026-06-01 08:37:05,REMAC_001,27.6,51.2,29.51,27.6,SAFE,None
2026-06-01 08:37:10,REMAC_001,32.0,48.3,21.87,47.7,SAFE,None
2026-06-01 08:37:15,REMAC_001,33.2,44.8,18.15,57.5,SAFE,None
2026-06-01 08:37:20,REMAC_001,31.5,45.4,38.71,3.4,DANGER,Low Material Level
2026-06-01 08:37:25,REMAC_001,32.4,50.5,14.73,66.5,SAFE,None
2026-06-01 08:37:30,REMAC_001,32.7,45.1,7.17,86.4,SAFE,None
2026-06-01 08:37:35,REMAC_001,31.4,42.6,10.4,77.9,SAFE,None
2026-06-01 08:37:40,REMAC_001,30.9,49.1,13.7,69.2,SAFE,None
2026-06-01 08:37:45,REMAC_001,31.9,54.3,13.55,69.6,SAFE,None
2026-06-01 08:37:50,REMAC_001,31.0,45.9,15.19,65.3,SAFE,None
2026-06-01 08:37:55,REMAC_001,34.1,51.2,24.0,42.1,SAFE,None
2026-06-01 08:38:00,REMAC_001,36.0,54.5,15.98,63.2,SAFE,None
2026-06-01 08:38:05,REMAC_001,33.4,52.2,5.65,90.4,SAFE,None
2026-06-01 08:38:10,REMAC_001,28.5,42.7,13.25,70.4,SAFE,None
2026-06-01 08:38:15,REMAC_001,43.5,53.9,10.09,78.7,DANGER,High Temperature
2026-06-01 08:38:20,REMAC_001,29.4,43.8,7.43,85.7,SAFE,None
2026-06-01 08:38:25,REMAC_001,29.5,44.5,23.51,43.4,SAFE,None
2026-06-01 08:38:30,REMAC_001,33.6,43.7,17.12,60.2,SAFE,None
2026-06-01 08:38:35,REMAC_001,33.0,40.3,14.08,68.2,SAFE,None
2026-06-01 08:38:40,REMAC_001,47.6,44.4,29.78,26.9,DANGER,High Temperature
2026-06-01 08:38:45,REMAC_001,27.1,40.4,7.21,86.3,SAFE,None
2026-06-01 08:38:50,REMAC_001,29.2,41.3,9.9,79.2,SAFE,None
2026-06-01 08:38:55,REMAC_001,28.8,42.2,28.26,30.9,SAFE,None
2026-06-01 08:39:00,REMAC_001,30.7,49.0,32.13,20.7,SAFE,None
2026-06-01 08:39:05,REMAC_001,44.4,49.1,35.25,12.5,DANGER,High Temperature; Low Material Level
2026-06-01 08:39:10,REMAC_001,27.1,40.2,11.5,75.0,SAFE,None
2026-06-01 08:39:15,REMAC_001,35.0,52.3,30.2,25.8,SAFE,None
2026-06-01 08:39:20,REMAC_001,31.8,44.8,6.45,88.3,SAFE,None
2026-06-01 08:39:25,REMAC_001,35.4,64.6,20.47,51.4,DANGER,High Humidity
2026-06-01 08:39:30,REMAC_001,32.3,41.5,8.46,83.0,SAFE,None
2026-06-01 08:39:35,REMAC_001,33.0,52.8,13.82,68.9,SAFE,None
2026-06-01 08:39:40,REMAC_001,28.3,40.6,31.22,23.1,SAFE,None
2026-06-01 08:39:45,REMAC_001,35.3,51.7,30.39,25.3,SAFE,None
2026-06-01 08:39:50,REMAC_001,29.1,47.4,10.82,76.8,SAFE,None
2026-06-01 08:39:55,REMAC_001,29.8,48.2,31.79,21.6,SAFE,None
2026-06-01 08:40:00,REMAC_001,34.8,51.4,28.79,29.5,SAFE,None
2026-06-01 08:40:05,REMAC_001,31.6,49.4,16.33,62.3,SAFE,None
2026-06-01 08:40:10,REMAC_001,35.9,50.3,7.55,85.4,SAFE,None
2026-06-01 08:40:15,REMAC_001,29.4,42.4,30.88,24.0,SAFE,None
2026-06-01 08:40:20,REMAC_001,33.1,40.8,13.25,70.4,SAFE,None
2026-06-01 08:40:25,REMAC_001,31.2,40.4,10.44,77.8,SAFE,None
2026-06-01 08:40:30,REMAC_001,28.6,44.2,6.48,88.2,SAFE,None
2026-06-01 08:40:35,REMAC_001,29.8,42.8,17.77,58.5,SAFE,None
2026-06-01 08:40:40,REMAC_001,28.8,40.9,31.07,23.5,SAFE,None
2026-06-01 08:40:45,REMAC_001,28.9,49.8,11.35,75.4,SAFE,None
2026-06-01 08:40:50,REMAC_001,29.1,43.0,28.22,31.0,SAFE,None
2026-06-01 08:40:55,REMAC_001,31.4,40.6,39.47,1.4,DANGER,Low Material Level
2026-06-01 08:41:00,REMAC_001,36.0,46.1,29.32,28.1,SAFE,None
2026-06-01 08:41:05,REMAC_001,27.8,48.2,11.04,76.2,SAFE,None
2026-06-01 08:41:10,REMAC_001,31.0,40.7,22.75,45.4,SAFE,None
2026-06-01 08:41:15,REMAC_001,33.5,52.0,35.14,12.8,DANGER,Low Material Level
2026-06-01 08:41:20,REMAC_001,32.9,41.5,15.83,63.6,SAFE,None
2026-06-01 08:41:25,REMAC_001,45.6,48.9,21.49,48.7,DANGER,High Temperature
2026-06-01 08:41:30,REMAC_001,35.6,51.1,21.38,49.0,SAFE,None
2026-06-01 08:41:35,REMAC_001,41.7,54.2,31.07,23.5,DANGER,High Temperature
2026-06-01 08:41:40,REMAC_001,30.1,42.0,10.74,77.0,SAFE,None
2026-06-01 08:41:45,REMAC_001,41.2,45.7,24.0,42.1,DANGER,High Temperature
2026-06-01 08:41:50,REMAC_001,35.2,51.8,15.34,64.9,SAFE,None
2026-06-01 08:41:55,REMAC_001,28.3,51.6,16.02,63.1,SAFE,None
2026-06-01 08:42:00,REMAC_001,33.6,54.2,25.86,37.2,SAFE,None
2026-06-01 08:42:05,REMAC_001,29.6,40.2,20.09,52.4,SAFE,None
2026-06-01 08:42:10,REMAC_001,31.1,44.2,29.85,26.7,SAFE,None
2026-06-01 08:42:15,REMAC_001,33.9,40.2,7.4,85.8,SAFE,None
2026-06-01 08:42:20,REMAC_001,35.2,44.0,30.16,25.9,SAFE,None
2026-06-01 08:42:25,REMAC_001,28.0,50.7,11.92,73.9,SAFE,None
2026-06-01 08:42:30,REMAC_001,31.9,52.2,24.53,40.7,SAFE,None
2026-06-01 08:42:35,REMAC_001,46.1,48.1,8.08,84.0,DANGER,High Temperature
2026-06-01 08:42:40,REMAC_001,29.4,42.2,19.18,54.8,SAFE,None
2026-06-01 08:42:45,REMAC_001,31.3,43.2,24.8,40.0,SAFE,None
2026-06-01 08:42:50,REMAC_001,30.2,50.7,15.68,64.0,SAFE,None
2026-06-01 08:42:55,REMAC_001,35.0,49.8,25.37,38.5,SAFE,None
2026-06-01 08:43:00,REMAC_001,33.3,54.1,23.43,43.6,SAFE,None
2026-06-01 08:43:05,REMAC_001,47.7,49.4,25.14,39.1,DANGER,High Temperature
2026-06-01 08:43:10,REMAC_001,35.7,52.4,24.34,41.2,SAFE,None
2026-06-01 08:43:15,REMAC_001,30.1,49.9,39.09,2.4,DANGER,Low Material Level
2026-06-01 08:43:20,REMAC_001,27.8,61.6,17.58,59.0,DANGER,High Humidity
2026-06-01 08:43:25,REMAC_001,29.5,50.0,24.69,40.3,SAFE,None
2026-06-01 08:43:30,REMAC_001,32.3,52.5,32.51,19.7,SAFE,None
2026-06-01 08:43:35,REMAC_001,32.0,48.1,34.57,14.3,DANGER,Low Material Level
2026-06-01 08:43:40,REMAC_001,32.4,52.6,22.75,45.4,SAFE,None
2026-06-01 08:43:45,REMAC_001,29.8,54.0,21.8,47.9,SAFE,None
2026-06-01 08:43:50,REMAC_001,34.0,54.8,9.56,80.1,SAFE,None
2026-06-01 08:43:55,REMAC_001,32.6,72.9,12.07,73.5,DANGER,High Humidity
2026-06-01 08:44:00,REMAC_001,45.7,46.1,28.83,29.4,DANGER,High Temperature
2026-06-01 08:44:05,REMAC_001,32.4,54.2,22.63,45.7,SAFE,None
2026-06-01 08:44:10,REMAC_001,45.7,41.5,30.84,24.1,DANGER,High Temperature
2026-06-01 08:44:15,REMAC_001,32.0,53.1,29.66,27.2,SAFE,None
2026-06-01 08:44:20,REMAC_001,33.7,40.2,9.68,79.8,SAFE,None
2026-06-01 08:44:25,REMAC_001,30.1,45.5,22.56,45.9,SAFE,None
2026-06-01 08:44:30,REMAC_001,30.4,40.4,21.99,47.4,SAFE,None
2026-06-01 08:44:35,REMAC_001,46.1,46.7,15.83,63.6,DANGER,High Temperature
2026-06-01 08:44:40,REMAC_001,35.7,64.8,7.02,86.8,DANGER,High Humidity
2026-06-01 08:44:45,REMAC_001,27.7,45.9,39.96,0.1,DANGER,Low Material Level
2026-06-01 08:44:50,REMAC_001,31.9,49.3,8.54,82.8,SAFE,None
2026-06-01 08:44:55,REMAC_001,28.4,66.3,7.17,86.4,DANGER,High Humidity
2026-06-01 08:45:00,REMAC_001,28.6,53.5,22.6,45.8,SAFE,None
2026-06-01 08:45:05,REMAC_001,30.1,47.6,29.13,28.6,SAFE,None
2026-06-01 08:45:10,REMAC_001,47.2,43.5,14.16,68.0,DANGER,High Temperature
2026-06-01 08:45:15,REMAC_001,30.2,44.3,8.57,82.7,SAFE,None
2026-06-01 08:45:20,REMAC_001,35.0,53.9,25.41,38.4,SAFE,None
2026-06-01 08:45:25,REMAC_001,28.0,54.4,12.56,72.2,SAFE,None
2026-06-01 08:45:30,REMAC_001,31.7,44.4,14.65,66.7,SAFE,None
2026-06-01 08:45:35,REMAC_001,32.3,43.5,8.35,83.3,SAFE,None
2026-06-01 08:45:40,REMAC_001,34.0,51.4,20.01,52.6,SAFE,None
2026-06-01 08:45:45,REMAC_001,43.3,42.9,19.06,55.1,DANGER,High Temperature
2026-06-01 08:45:50,REMAC_001,43.1,40.1,21.34,49.1,DANGER,High Temperature
2026-06-01 08:45:55,REMAC_001,47.2,51.7,9.6,80.0,DANGER,High Temperature
2026-06-01 08:46:00,REMAC_001,46.2,41.0,11.27,75.6,DANGER,High Temperature
2026-06-01 08:46:05,REMAC_001,32.1,48.5,6.86,87.2,SAFE,None
2026-06-01 08:46:10,REMAC_001,27.4,69.9,7.36,85.9,DANGER,High Humidity
2026-06-01 08:46:15,REMAC_001,31.4,48.5,24.42,41.0,SAFE,None
2026-06-01 08:46:20,REMAC_001,29.1,41.7,13.86,68.8,SAFE,None
2026-06-01 08:46:25,REMAC_001,35.6,46.3,9.87,79.3,SAFE,None
2026-06-01 08:46:30,REMAC_001,34.9,41.2,31.11,23.4,SAFE,None
2026-06-01 08:46:35,REMAC_001,28.7,50.2,28.18,31.1,SAFE,None
2026-06-01 08:46:40,REMAC_001,34.4,45.2,36.01,10.5,DANGER,Low Material Level
2026-06-01 08:46:45,REMAC_001,31.5,49.5,13.89,68.7,SAFE,None
2026-06-01 08:46:50,REMAC_001,31.9,48.9,24.0,42.1,SAFE,None
2026-06-01 08:46:55,REMAC_001,31.8,46.0,29.89,26.6,SAFE,None
2026-06-01 08:47:00,REMAC_001,34.9,46.4,19.59,53.7,SAFE,None
2026-06-01 08:47:05,REMAC_001,28.1,46.8,16.33,62.3,SAFE,None
2026-06-01 08:47:10,REMAC_001,35.7,47.5,31.26,23.0,SAFE,None
2026-06-01 08:47:15,REMAC_001,29.5,45.8,30.84,24.1,SAFE,None
2026-06-01 08:47:20,REMAC_001,30.4,48.8,22.48,46.1,SAFE,None
2026-06-01 08:47:25,REMAC_001,35.9,54.1,20.32,51.8,SAFE,None
2026-06-01 08:47:30,REMAC_001,34.9,45.1,39.47,1.4,DANGER,Low Material Level
2026-06-01 08:47:35,REMAC_001,33.0,48.5,22.22,46.8,SAFE,None
2026-06-01 08:47:40,REMAC_001,33.7,51.4,15.49,64.5,SAFE,None
2026-06-01 08:47:45,REMAC_001,32.5,44.0,9.83,79.4,SAFE,None
2026-06-01 08:47:50,REMAC_001,32.2,46.6,18.45,56.7,SAFE,None
2026-06-01 08:47:55,REMAC_001,32.4,51.6,35.78,11.1,DANGER,Low Material Level
2026-06-01 08:48:00,REMAC_001,34.2,44.3,10.7,77.1,SAFE,None
2026-06-01 08:48:05,REMAC_001,31.1,42.4,23.05,44.6,SAFE,None
2026-06-01 08:48:10,REMAC_001,34.9,54.0,17.69,58.7,SAFE,None
2026-06-01 08:48:15,REMAC_001,32.4,45.6,10.13,78.6,SAFE,None
2026-06-01 08:48:20,REMAC_001,28.2,49.0,22.22,46.8,SAFE,None
2026-06-01 08:48:25,REMAC_001,35.5,49.6,15.26,65.1,SAFE,None
2026-06-01 08:48:30,REMAC_001,28.9,49.7,28.87,29.3,SAFE,None
2026-06-01 08:48:35,REMAC_001,35.8,54.4,13.21,70.5,SAFE,None
2026-06-01 08:48:40,REMAC_001,30.5,53.6,11.65,74.6,SAFE,None
2026-06-01 08:48:45,REMAC_001,33.3,40.4,7.59,85.3,SAFE,None
2026-06-01 08:48:50,REMAC_001,33.7,54.5,7.89,84.5,SAFE,None
2026-06-01 08:48:55,REMAC_001,35.9,51.0,36.39,9.5,DANGER,Low Material Level
2026-06-01 08:49:00,REMAC_001,35.1,72.1,32.55,19.6,DANGER,High Humidity
2026-06-01 08:49:05,REMAC_001,30.2,48.3,22.1,47.1,SAFE,None
2026-06-01 08:49:10,REMAC_001,32.6,51.8,25.79,37.4,SAFE,None
2026-06-01 08:49:15,REMAC_001,42.2,48.4,17.01,60.5,DANGER,High Temperature
2026-06-01 08:49:20,REMAC_001,28.7,47.4,11.39,75.3,SAFE,None
2026-06-01 08:49:25,REMAC_001,29.4,54.7,8.73,82.3,SAFE,None
2026-06-01 08:49:30,REMAC_001,28.8,50.7,10.4,77.9,SAFE,None
2026-06-01 08:49:35,REMAC_001,30.9,69.1,17.77,58.5,DANGER,High Humidity
2026-06-01 08:49:40,REMAC_001,29.3,50.9,30.99,23.7,SAFE,None
2026-06-01 08:49:45,REMAC_001,31.6,42.4,11.84,74.1,SAFE,None
2026-06-01 08:49:50,REMAC_001,34.1,53.1,16.44,62.0,SAFE,None
2026-06-01 08:49:55,REMAC_001,27.8,43.9,32.74,19.1,SAFE,None
2026-06-01 08:50:00,REMAC_001,30.1,50.4,12.11,73.4,SAFE,None
2026-06-01 08:50:05,REMAC_001,30.4,49.7,23.13,44.4,SAFE,None
2026-06-01 08:50:10,REMAC_001,33.6,47.1,18.61,56.3,SAFE,None
2026-06-01 08:50:15,REMAC_001,30.1,43.4,9.56,80.1,SAFE,None
2026-06-01 08:50:20,REMAC_001,32.1,49.8,14.2,67.9,SAFE,None
2026-06-01 08:50:25,REMAC_001,46.8,44.4,18.49,56.6,DANGER,High Temperature
2026-06-01 08:50:30,REMAC_001,34.2,67.1,26.81,34.7,DANGER,High Humidity
2026-06-01 08:50:35,REMAC_001,46.8,46.6,18.23,57.3,DANGER,High Temperature
2026-06-01 08:50:40,REMAC_001,31.5,40.4,34.41,14.7,DANGER,Low Material Level
2026-06-01 08:50:45,REMAC_001,27.5,47.1,29.25,28.3,SAFE,None
2026-06-01 08:50:50,REMAC_001,28.8,43.1,20.24,52.0,SAFE,None
2026-06-01 08:50:55,REMAC_001,27.2,41.9,33.12,18.1,SAFE,None
2026-06-01 08:51:00,REMAC_001,27.6,71.6,11.16,75.9,DANGER,High Humidity
2026-06-01 08:51:05,REMAC_001,31.5,61.1,25.33,38.6,DANGER,High Humidity
2026-06-01 08:51:10,REMAC_001,34.2,43.8,30.08,26.1,SAFE,None
2026-06-01 08:51:15,REMAC_001,43.6,53.4,30.5,25.0,DANGER,High Temperature
2026-06-01 08:51:20,REMAC_001,28.8,41.2,24.76,40.1,SAFE,None
2026-06-01 08:51:25,REMAC_001,30.4,52.2,19.59,53.7,SAFE,None
2026-06-01 08:51:30,REMAC_001,30.2,48.8,7.89,84.5,SAFE,None
2026-06-01 08:51:35,REMAC_001,31.5,53.0,22.79,45.3,SAFE,None
2026-06-01 08:51:40,REMAC_001,34.9,53.6,15.83,63.6,SAFE,None
2026-06-01 08:51:45,REMAC_001,27.4,41.7,22.71,45.5,SAFE,None
2026-06-01 08:51:50,REMAC_001,31.2,50.8,31.75,21.7,SAFE,None
2026-06-01 08:51:55,REMAC_001,32.1,48.6,14.46,67.2,SAFE,None
2026-06-01 08:52:00,REMAC_001,32.8,46.3,24.12,41.8,SAFE,None
2026-06-01 08:52:05,REMAC_001,34.4,49.9,16.36,62.2,SAFE,None
2026-06-01 08:52:10,REMAC_001,30.0,51.1,21.95,47.5,SAFE,None
2026-06-01 08:52:15,REMAC_001,34.6,45.3,18.34,57.0,SAFE,None
2026-06-01 08:52:20,REMAC_001,28.8,53.8,16.71,61.3,SAFE,None
2026-06-01 08:52:25,REMAC_001,29.2,45.1,15.07,65.6,SAFE,None
2026-06-01 08:52:30,REMAC_001,27.6,72.4,9.22,81.0,DANGER,High Humidity
2026-06-01 08:52:35,REMAC_001,30.5,65.9,19.75,53.3,DANGER,High Humidity
2026-06-01 08:52:40,REMAC_001,32.7,44.8,31.18,23.2,SAFE,None
2026-06-01 08:52:45,REMAC_001,34.5,42.4,35.1,12.9,DANGER,Low Material Level
2026-06-01 08:52:50,REMAC_001,34.7,42.3,23.47,43.5,SAFE,None
2026-06-01 08:52:55,REMAC_001,32.1,43.1,30.96,23.8,SAFE,None
2026-06-01 08:53:00,REMAC_001,32.2,48.8,16.17,62.7,SAFE,None
2026-06-01 08:53:05,REMAC_001,31.4,54.2,29.25,28.3,SAFE,None
2026-06-01 08:53:10,REMAC_001,27.5,40.4,27.08,34.0,SAFE,None
2026-06-01 08:53:15,REMAC_001,31.5,53.7,17.12,60.2,SAFE,None
2026-06-01 08:53:20,REMAC_001,31.2,42.4,20.85,50.4,SAFE,None
2026-06-01 08:53:25,REMAC_001,34.4,44.3,8.61,82.6,SAFE,None
2026-06-01 08:53:30,REMAC_001,34.5,53.5,23.74,42.8,SAFE,None
2026-06-01 08:53:35,REMAC_001,43.4,54.6,32.4,20.0,DANGER,High Temperature
2026-06-01 08:53:40,REMAC_001,32.1,49.3,19.25,54.6,SAFE,None
2026-06-01 08:53:45,REMAC_001,33.6,54.5,22.22,46.8,SAFE,None
2026-06-01 08:53:50,REMAC_001,33.3,42.3,32.36,20.1,SAFE,None
2026-06-01 08:53:55,REMAC_001,30.0,44.7,15.03,65.7,SAFE,None
2026-06-01 08:54:00,REMAC_001,34.5,40.4,16.59,61.6,SAFE,None
2026-06-01 08:54:05,REMAC_001,30.0,51.8,18.04,57.8,SAFE,None
2026-06-01 08:54:10,REMAC_001,29.5,54.4,20.32,51.8,SAFE,None
2026-06-01 08:54:15,REMAC_001,34.7,53.4,10.28,78.2,SAFE,None
2026-06-01 08:54:20,REMAC_001,34.7,51.1,24.84,39.9,SAFE,None
2026-06-01 08:54:25,REMAC_001,29.6,44.2,24.69,40.3,SAFE,None
2026-06-01 08:54:30,REMAC_001,28.0,53.9,12.18,73.2,SAFE,None
2026-06-01 08:54:35,REMAC_001,33.3,41.3,12.34,72.8,SAFE,None
2026-06-01 08:54:40,REMAC_001,28.5,43.6,26.43,35.7,SAFE,None
2026-06-01 08:54:45,REMAC_001,42.5,51.6,39.16,2.2,DANGER,High Temperature; Low Material Level
2026-06-01 08:54:50,REMAC_001,29.9,40.3,27.46,33.0,SAFE,None
2026-06-01 08:54:55,REMAC_001,28.3,49.8,25.79,37.4,SAFE,None
2026-06-01 08:55:00,REMAC_001,33.5,47.2,8.61,82.6,SAFE,None
2026-06-01 08:55:05,REMAC_001,29.5,46.7,10.63,77.3,SAFE,None
2026-06-01 08:55:10,REMAC_001,29.0,44.2,9.6,80.0,SAFE,None
2026-06-01 08:55:15,REMAC_001,27.9,42.7,27.57,32.7,SAFE,None
2026-06-01 08:55:20,REMAC_001,31.9,52.1,19.71,53.4,SAFE,None
2026-06-01 08:55:25,REMAC_001,47.7,54.0,14.46,67.2,DANGER,High Temperature
2026-06-01 08:55:30,REMAC_001,32.1,48.1,26.17,36.4,SAFE,None
2026-06-01 08:55:35,REMAC_001,34.5,45.7,12.87,71.4,SAFE,None
2026-06-01 08:55:40,REMAC_001,32.2,51.6,13.4,70.0,SAFE,None
2026-06-01 08:55:45,REMAC_001,35.2,44.5,13.44,69.9,SAFE,None
2026-06-01 08:55:50,REMAC_001,34.0,41.0,14.16,68.0,SAFE,None
2026-06-01 08:55:55,REMAC_001,34.0,41.9,7.47,85.6,SAFE,None
2026-06-01 08:56:00,REMAC_001,28.0,50.9,8.0,84.2,SAFE,None
2026-06-01 08:56:05,REMAC_001,28.5,43.1,30.16,25.9,SAFE,None
2026-06-01 08:56:10,REMAC_001,32.6,41.0,25.22,38.9,SAFE,None
2026-06-01 08:56:15,REMAC_001,30.7,48.2,20.16,52.2,SAFE,None
2026-06-01 08:56:20,REMAC_001,43.5,41.9,15.79,63.7,DANGER,High Temperature
2026-06-01 08:56:25,REMAC_001,35.2,41.0,22.52,46.0,SAFE,None
2026-06-01 08:56:30,REMAC_001,27.4,42.9,19.14,54.9,SAFE,None
2026-06-01 08:56:35,REMAC_001,28.6,52.9,18.87,55.6,SAFE,None
2026-06-01 08:56:40,REMAC_001,33.5,48.9,19.25,54.6,SAFE,None
2026-06-01 08:56:45,REMAC_001,29.4,54.8,16.63,61.5,SAFE,None
2026-06-01 08:56:50,REMAC_001,27.4,54.3,17.05,60.4,SAFE,None
2026-06-01 08:56:55,REMAC_001,27.7,42.6,39.73,0.7,DANGER,Low Material Level
2026-06-01 08:57:00,REMAC_001,31.5,43.3,20.16,52.2,SAFE,None
2026-06-01 08:57:05,REMAC_001,30.6,40.2,11.46,75.1,SAFE,None
2026-06-01 08:57:10,REMAC_001,27.9,54.4,18.42,56.8,SAFE,None
2026-06-01 08:57:15,REMAC_001,34.0,42.4,21.0,50.0,SAFE,None
2026-06-01 08:57:20,REMAC_001,29.2,54.8,27.19,33.7,SAFE,None
2026-06-01 08:57:25,REMAC_001,33.6,48.1,25.07,39.3,SAFE,None
2026-06-01 08:57:30,REMAC_001,41.4,48.4,31.18,23.2,DANGER,High Temperature
2026-06-01 08:57:35,REMAC_001,33.2,47.8,27.16,33.8,SAFE,None
2026-06-01 08:57:40,REMAC_001,28.5,50.9,28.14,31.2,SAFE,None
2026-06-01 08:57:45,REMAC_001,28.4,46.6,30.39,25.3,SAFE,None
2026-06-01 08:57:50,REMAC_001,28.8,42.9,27.31,33.4,SAFE,None
2026-06-01 08:57:55,REMAC_001,27.0,42.5,9.18,81.1,SAFE,None
2026-06-01 08:58:00,REMAC_001,32.6,46.4,8.69,82.4,SAFE,None
2026-06-01 08:58:05,REMAC_001,27.3,45.6,19.06,55.1,SAFE,None
2026-06-01 08:58:10,REMAC_001,29.4,52.5,26.85,34.6,SAFE,None
2026-06-01 08:58:15,REMAC_001,27.1,54.0,12.56,72.2,SAFE,None
2026-06-01 08:58:20,REMAC_001,44.8,46.6,26.47,35.6,DANGER,High Temperature
2026-06-01 08:58:25,REMAC_001,33.7,49.6,25.1,39.2,SAFE,None
2026-06-01 08:58:30,REMAC_001,34.4,47.5,34.6,14.2,DANGER,Low Material Level
2026-06-01 08:58:35,REMAC_001,28.2,53.2,17.85,58.3,SAFE,None
2026-06-01 08:58:40,REMAC_001,35.8,43.3,11.23,75.7,SAFE,None
2026-06-01 08:58:45,REMAC_001,34.6,43.6,13.67,69.3,SAFE,None
2026-06-01 08:58:50,REMAC_001,29.0,52.3,22.86,45.1,SAFE,None
2026-06-01 08:58:55,REMAC_001,29.4,43.5,28.3,30.8,SAFE,None
2026-06-01 08:59:00,REMAC_001,35.7,53.6,8.23,83.6,SAFE,None
2026-06-01 08:59:05,REMAC_001,28.7,48.9,30.84,24.1,SAFE,None
2026-06-01 08:59:10,REMAC_001,28.9,40.2,11.39,75.3,SAFE,None
2026-06-01 08:59:15,REMAC_001,33.4,46.0,13.89,68.7,SAFE,None
2026-06-01 08:59:20,REMAC_001,31.5,49.5,24.46,40.9,SAFE,None
2026-06-01 08:59:25,REMAC_001,28.2,51.3,29.17,28.5,SAFE,None
2026-06-01 08:59:30,REMAC_001,34.0,49.4,18.04,57.8,SAFE,None
2026-06-01 08:59:35,REMAC_001,35.8,40.1,27.92,31.8,SAFE,None
2026-06-01 08:59:40,REMAC_001,30.9,40.9,35.74,11.2,DANGER,Low Material Level
2026-06-01 08:59:45,REMAC_001,28.4,48.8,15.57,64.3,SAFE,None
2026-06-01 08:59:50,REMAC_001,35.7,66.2,17.73,58.6,DANGER,High Humidity
2026-06-01 08:59:55,REMAC_001,34.8,50.9,23.7,42.9,SAFE,None
2026-06-01 09:00:00,REMAC_001,34.2,44.6,17.85,58.3,SAFE,None
2026-06-01 09:00:05,REMAC_001,30.9,49.0,26.17,36.4,SAFE,None
2026-06-01 09:00:10,REMAC_001,28.4,47.8,36.43,9.4,DANGER,Low Material Level
2026-06-01 09:00:15,REMAC_001,34.5,50.3,9.49,80.3,SAFE,None
2026-06-01 09:00:20,REMAC_001,30.9,51.8,32.17,20.6,SAFE,None
2026-06-01 09:00:25,REMAC_001,27.8,46.4,19.21,54.7,SAFE,None
2026-06-01 09:00:30,REMAC_001,46.6,40.0,33.54,17.0,DANGER,High Temperature
2026-06-01 09:00:35,REMAC_001,31.0,46.2,32.82,18.9,SAFE,None
2026-06-01 09:00:40,REMAC_001,31.2,46.7,30.69,24.5,SAFE,None
2026-06-01 09:00:45,REMAC_001,33.5,40.1,33.88,16.1,SAFE,None
2026-06-01 09:00:50,REMAC_001,29.8,72.5,31.91,21.3,DANGER,High Humidity
2026-06-01 09:00:55,REMAC_001,47.2,52.7,7.74,84.9,DANGER,High Temperature
2026-06-01 09:01:00,REMAC_001,34.4,43.0,24.65,40.4,SAFE,None
2026-06-01 09:01:05,REMAC_001,34.8,40.7,16.02,63.1,SAFE,None
2026-06-01 09:01:10,REMAC_001,27.2,53.6,17.5,59.2,SAFE,None
2026-06-01 09:01:15,REMAC_001,30.6,46.0,22.56,45.9,SAFE,None
2026-06-01 09:01:20,REMAC_001,27.2,67.6,32.93,18.6,DANGER,High Humidity
2026-06-01 09:01:25,REMAC_001,29.3,45.5,19.78,53.2,SAFE,None
2026-06-01 09:01:30,REMAC_001,27.1,42.7,31.11,23.4,SAFE,None
2026-06-01 09:01:35,REMAC_001,27.1,44.4,27.16,33.8,SAFE,None
2026-06-01 09:01:40,REMAC_001,31.8,63.7,15.22,65.2,DANGER,High Humidity
2026-06-01 09:01:45,REMAC_001,32.3,50.3,28.98,29.0,SAFE,None
2026-06-01 09:01:50,REMAC_001,34.9,47.3,13.4,70.0,SAFE,None
2026-06-01 09:01:55,REMAC_001,28.2,44.1,20.35,51.7,SAFE,None
2026-06-01 09:02:00,REMAC_001,33.6,45.5,16.48,61.9,SAFE,None
2026-06-01 09:02:05,REMAC_001,27.5,66.0,32.32,20.2,DANGER,High Humidity
2026-06-01 09:02:10,REMAC_001,35.8,47.9,11.08,76.1,SAFE,None
2026-06-01 09:02:15,REMAC_001,32.7,42.7,32.82,18.9,SAFE,None
2026-06-01 09:02:20,REMAC_001,47.5,52.0,17.16,60.1,DANGER,High Temperature
2026-06-01 09:02:25,REMAC_001,31.4,52.8,21.08,49.8,SAFE,None
2026-06-01 09:02:30,REMAC_001,29.6,73.4,30.8,24.2,DANGER,High Humidity
2026-06-01 09:02:35,REMAC_001,35.7,40.2,29.63,27.3,SAFE,None
2026-06-01 09:02:40,REMAC_001,31.0,49.6,14.88,66.1,SAFE,None
2026-06-01 09:02:45,REMAC_001,32.0,50.0,31.3,22.9,SAFE,None
2026-06-01 09:02:50,REMAC_001,31.6,48.1,13.25,70.4,SAFE,None
2026-06-01 09:02:55,REMAC_001,32.8,54.3,23.05,44.6,SAFE,None
2026-06-01 09:03:00,REMAC_001,34.8,50.1,38.82,3.1,DANGER,Low Material Level
2026-06-01 09:03:05,REMAC_001,31.8,40.4,9.37,80.6,SAFE,None
2026-06-01 09:03:10,REMAC_001,33.3,40.9,22.48,46.1,SAFE,None
2026-06-01 09:03:15,REMAC_001,31.2,43.1,29.4,27.9,SAFE,None
2026-06-01 09:03:20,REMAC_001,32.9,43.1,31.56,22.2,SAFE,None
2026-06-01 09:03:25,REMAC_001,30.7,51.2,29.09,28.7,SAFE,None
2026-06-01 09:03:30,REMAC_001,32.9,41.9,37.87,5.6,DANGER,Low Material Level
2026-06-01 09:03:35,REMAC_001,34.1,42.1,28.49,30.3,SAFE,None
2026-06-01 09:03:40,REMAC_001,42.8,50.3,17.09,60.3,DANGER,High Temperature
2026-06-01 09:03:45,REMAC_001,27.5,47.2,26.78,34.8,SAFE,None
2026-06-01 09:03:50,REMAC_001,34.4,47.7,25.03,39.4,SAFE,None
2026-06-01 09:03:55,REMAC_001,27.6,53.3,31.41,22.6,SAFE,None
2026-06-01 09:04:00,REMAC_001,31.8,40.7,27.95,31.7,SAFE,None
2026-06-01 09:04:05,REMAC_001,35.0,46.3,27.19,33.7,SAFE,None
2026-06-01 09:04:10,REMAC_001,29.8,44.9,22.79,45.3,SAFE,None
2026-06-01 09:04:15,REMAC_001,29.0,52.4,23.2,44.2,SAFE,None
2026-06-01 09:04:20,REMAC_001,44.8,52.5,32.7,19.2,DANGER,High Temperature
2026-06-01 09:04:25,REMAC_001,47.2,42.9,29.25,28.3,DANGER,High Temperature
2026-06-01 09:04:30,REMAC_001,31.4,69.9,10.17,78.5,DANGER,High Humidity
2026-06-01 09:04:35,REMAC_001,30.9,61.2,31.6,22.1,DANGER,High Humidity
2026-06-01 09:04:40,REMAC_001,30.3,47.4,26.55,35.4,SAFE,None
2026-06-01 09:04:45,REMAC_001,28.4,40.1,28.03,31.5,SAFE,None
2026-06-01 09:04:50,REMAC_001,34.9,53.9,23.28,44.0,SAFE,None
2026-06-01 09:04:55,REMAC_001,30.0,51.1,20.32,51.8,SAFE,None
2026-06-01 09:05:00,REMAC_001,28.3,50.9,23.05,44.6,SAFE,None
2026-06-01 09:05:05,REMAC_001,31.8,45.2,22.63,45.7,SAFE,None
2026-06-01 09:05:10,REMAC_001,34.0,52.1,22.22,46.8,SAFE,None
2026-06-01 09:05:15,REMAC_001,31.4,52.9,10.7,77.1,SAFE,None
2026-06-01 09:05:20,REMAC_001,32.6,43.6,29.13,28.6,SAFE,None
2026-06-01 09:05:25,REMAC_001,27.9,48.1,31.56,22.2,SAFE,None
2026-06-01 09:05:30,REMAC_001,48.0,54.0,23.81,42.6,DANGER,High Temperature
2026-06-01 09:05:35,REMAC_001,30.0,41.1,26.32,36.0,SAFE,None
2026-06-01 09:05:40,REMAC_001,32.5,41.9,11.39,75.3,SAFE,None
2026-06-01 09:05:45,REMAC_001,35.6,54.3,21.15,49.6,SAFE,None
2026-06-01 09:05:50,REMAC_001,30.4,47.8,19.67,53.5,SAFE,None
2026-06-01 09:05:55,REMAC_001,28.4,47.5,16.36,62.2,SAFE,None
2026-06-01 09:06:00,REMAC_001,44.3,45.4,30.92,23.9,DANGER,High Temperature
2026-06-01 09:06:05,REMAC_001,33.2,43.4,14.77,66.4,SAFE,None
2026-06-01 09:06:10,REMAC_001,31.3,49.3,37.95,5.4,DANGER,Low Material Level
2026-06-01 09:06:15,REMAC_001,30.8,74.5,14.08,68.2,DANGER,High Humidity
2026-06-01 09:06:20,REMAC_001,27.8,53.4,26.28,36.1,SAFE,None
2026-06-01 09:06:25,REMAC_001,28.0,52.0,27.84,32.0,SAFE,None
2026-06-01 09:06:30,REMAC_001,33.7,45.5,28.87,29.3,SAFE,None
2026-06-01 09:06:35,REMAC_001,34.0,54.4,23.85,42.5,SAFE,None
2026-06-01 09:06:40,REMAC_001,28.8,65.2,37.99,5.3,DANGER,High Humidity; Low Material Level
2026-06-01 09:06:45,REMAC_001,35.8,44.3,18.07,57.7,SAFE,None
2026-06-01 09:06:50,REMAC_001,29.6,73.2,30.39,25.3,DANGER,High Humidity
2026-06-01 09:06:55,REMAC_001,35.8,45.2,11.16,75.9,SAFE,None
2026-06-01 09:07:00,REMAC_001,29.6,49.8,15.07,65.6,SAFE,None
2026-06-01 09:07:05,REMAC_001,35.7,53.6,22.25,46.7,SAFE,None
2026-06-01 09:07:10,REMAC_001,30.4,42.1,36.35,9.6,DANGER,Low Material Level
2026-06-01 09:07:15,REMAC_001,34.9,66.9,16.36,62.2,DANGER,High Humidity
2026-06-01 09:07:20,REMAC_001,30.8,45.0,23.2,44.2,SAFE,None
2026-06-01 09:07:25,REMAC_001,31.8,42.9,29.25,28.3,SAFE,None
2026-06-01 09:07:30,REMAC_001,29.8,49.8,21.53,48.6,SAFE,None
2026-06-01 09:07:35,REMAC_001,32.1,49.2,18.61,56.3,SAFE,None
2026-06-01 09:07:40,REMAC_001,28.5,42.5,12.45,72.5,SAFE,None
2026-06-01 09:07:45,REMAC_001,35.3,47.5,8.31,83.4,SAFE,None
2026-06-01 09:07:50,REMAC_001,33.7,49.8,11.65,74.6,SAFE,None
2026-06-01 09:07:55,REMAC_001,33.6,45.5,23.55,43.3,SAFE,None
2026-06-01 09:08:00,REMAC_001,34.1,53.2,35.06,13.0,DANGER,Low Material Level
2026-06-01 09:08:05,REMAC_001,28.3,53.1,34.15,15.4,SAFE,None
2026-06-01 09:08:10,REMAC_001,30.5,46.1,30.99,23.7,SAFE,None
2026-06-01 09:08:15,REMAC_001,32.0,40.6,31.75,21.7,SAFE,None
2026-06-01 09:08:20,REMAC_001,34.2,42.6,28.56,30.1,SAFE,None
2026-06-01 09:08:25,REMAC_001,34.5,44.4,11.69,74.5,SAFE,None
2026-06-01 09:08:30,REMAC_001,34.0,40.4,30.16,25.9,SAFE,None
2026-06-01 09:08:35,REMAC_001,31.0,40.7,27.16,33.8,SAFE,None
2026-06-01 09:08:40,REMAC_001,46.9,53.7,24.95,39.6,DANGER,High Temperature
2026-06-01 09:08:45,REMAC_001,35.8,45.8,34.38,14.8,DANGER,Low Material Level
2026-06-01 09:08:50,REMAC_001,30.8,44.1,9.3,80.8,SAFE,None
2026-06-01 09:08:55,REMAC_001,28.3,49.6,16.71,61.3,SAFE,None
2026-06-01 09:09:00,REMAC_001,32.5,54.4,33.81,16.3,SAFE,None
2026-06-01 09:09:05,REMAC_001,35.9,47.6,32.7,19.2,SAFE,None
2026-06-01 09:09:10,REMAC_001,32.9,50.7,36.85,8.3,DANGER,Low Material Level
2026-06-01 09:09:15,REMAC_001,29.6,51.4,21.99,47.4,SAFE,None
2026-06-01 09:09:20,REMAC_001,35.4,52.5,28.71,29.7,SAFE,None
2026-06-01 09:09:25,REMAC_001,44.4,53.5,25.18,39.0,DANGER,High Temperature
2026-06-01 09:09:30,REMAC_001,29.6,53.0,36.62,8.9,DANGER,Low Material Level
2026-06-01 09:09:35,REMAC_001,31.7,67.8,9.71,79.7,DANGER,High Humidity
2026-06-01 09:09:40,REMAC_001,31.2,48.9,27.12,33.9,SAFE,None
2026-06-01 09:09:45,REMAC_001,34.4,50.8,15.41,64.7,SAFE,None
2026-06-01 09:09:50,REMAC_001,32.0,46.1,23.05,44.6,SAFE,None
2026-06-01 09:09:55,REMAC_001,30.1,52.7,15.49,64.5,SAFE,None
2026-06-01 09:10:00,REMAC_001,33.2,52.3,30.27,25.6,SAFE,None
2026-06-01 09:10:05,REMAC_001,34.9,42.0,18.91,55.5,SAFE,None
2026-06-01 09:10:10,REMAC_001,30.4,40.5,21.91,47.6,SAFE,None
2026-06-01 09:10:15,REMAC_001,32.6,40.4,15.03,65.7,SAFE,None
2026-06-01 09:10:20,REMAC_001,42.9,41.8,39.47,1.4,DANGER,High Temperature; Low Material Level
2026-06-01 09:10:25,REMAC_001,35.2,41.9,18.87,55.6,SAFE,None
2026-06-01 09:10:30,REMAC_001,31.6,62.1,11.8,74.2,DANGER,High Humidity
2026-06-01 09:10:35,REMAC_001,32.2,68.8,18.99,55.3,DANGER,High Humidity
2026-06-01 09:10:40,REMAC_001,27.4,48.9,26.24,36.2,SAFE,None
2026-06-01 09:10:45,REMAC_001,27.1,47.0,32.59,19.5,SAFE,None
2026-06-01 09:10:50,REMAC_001,29.5,43.8,30.39,25.3,SAFE,None
2026-06-01 09:10:55,REMAC_001,30.5,45.7,16.25,62.5,SAFE,None
2026-06-01 09:11:00,REMAC_001,34.9,42.8,27.84,32.0,SAFE,None
2026-06-01 09:11:05,REMAC_001,32.3,53.1,25.83,37.3,SAFE,None
2026-06-01 09:11:10,REMAC_001,30.8,52.1,25.52,38.1,SAFE,None
2026-06-01 09:11:15,REMAC_001,28.9,40.6,28.94,29.1,SAFE,None
2026-06-01 09:11:20,REMAC_001,28.1,48.8,16.29,62.4,SAFE,None
2026-06-01 09:11:25,REMAC_001,33.7,51.5,17.09,60.3,SAFE,None
2026-06-01 09:11:30,REMAC_001,34.2,51.7,23.55,43.3,SAFE,None
2026-06-01 09:11:35,REMAC_001,33.2,44.1,9.94,79.1,SAFE,None
2026-06-01 09:11:40,REMAC_001,31.8,61.5,30.39,25.3,DANGER,High Humidity
2026-06-01 09:11:45,REMAC_001,32.7,68.4,13.02,71.0,DANGER,High Humidity
2026-06-01 09:11:50,REMAC_001,32.6,48.0,26.4,35.8,SAFE,None
2026-06-01 09:11:55,REMAC_001,35.3,51.9,25.37,38.5,SAFE,None
2026-06-01 09:12:00,REMAC_001,27.7,41.0,13.93,68.6,SAFE,None
2026-06-01 09:12:05,REMAC_001,45.6,45.6,25.56,38.0,DANGER,High Temperature
2026-06-01 09:12:10,REMAC_001,32.5,47.4,24.46,40.9,SAFE,None
2026-06-01 09:12:15,REMAC_001,31.4,50.9,24.12,41.8,SAFE,None
2026-06-01 09:12:20,REMAC_001,34.4,53.2,14.81,66.3,SAFE,None
2026-06-01 09:12:25,REMAC_001,27.1,51.9,17.16,60.1,SAFE,None
2026-06-01 09:12:30,REMAC_001,31.0,54.4,18.19,57.4,SAFE,None
2026-06-01 09:12:35,REMAC_001,43.2,41.9,24.19,41.6,DANGER,High Temperature
2026-06-01 09:12:40,REMAC_001,31.2,42.2,30.12,26.0,SAFE,None
2026-06-01 09:12:45,REMAC_001,35.3,43.3,19.86,53.0,SAFE,None
2026-06-01 09:12:50,REMAC_001,29.7,53.3,23.77,42.7,SAFE,None
2026-06-01 09:12:55,REMAC_001,44.1,61.3,10.51,77.6,DANGER,High Temperature; High Humidity
2026-06-01 09:13:00,REMAC_001,30.2,72.8,8.99,81.6,DANGER,High Humidity
2026-06-01 09:13:05,REMAC_001,36.0,44.1,29.06,28.8,SAFE,None
2026-06-01 09:13:10,REMAC_001,35.0,48.9,8.76,82.2,SAFE,None
2026-06-01 09:13:15,REMAC_001,31.9,49.0,21.0,50.0,SAFE,None
2026-06-01 09:13:20,REMAC_001,30.2,45.6,9.3,80.8,SAFE,None
2026-06-01 09:13:25,REMAC_001,29.8,42.6,22.48,46.1,SAFE,None
2026-06-01 09:13:30,REMAC_001,28.2,46.0,8.88,81.9,SAFE,None
2026-06-01 09:13:35,REMAC_001,31.5,48.5,24.5,40.8,SAFE,None
2026-06-01 09:13:40,REMAC_001,35.0,61.9,15.95,63.3,DANGER,High Humidity
2026-06-01 09:13:45,REMAC_001,30.7,46.4,24.57,40.6,SAFE,None
2026-06-01 09:13:50,REMAC_001,28.4,48.2,36.16,10.1,DANGER,Low Material Level
2026-06-01 09:13:55,REMAC_001,30.1,54.8,31.56,22.2,SAFE,None
2026-06-01 09:14:00,REMAC_001,28.8,51.9,24.69,40.3,SAFE,None
2026-06-01 09:14:05,REMAC_001,28.0,52.9,19.82,53.1,SAFE,None
2026-06-01 09:14:10,REMAC_001,29.2,51.5,15.49,64.5,SAFE,None
2026-06-01 09:14:15,REMAC_001,43.5,50.8,10.51,77.6,DANGER,High Temperature
2026-06-01 09:14:20,REMAC_001,30.5,45.1,14.58,66.9,SAFE,None
2026-06-01 09:14:25,REMAC_001,30.1,50.4,28.75,29.6,SAFE,None
2026-06-01 09:14:30,REMAC_001,35.5,40.5,24.61,40.5,SAFE,None
2026-06-01 09:14:35,REMAC_001,31.7,53.6,24.15,41.7,SAFE,None
2026-06-01 09:14:40,REMAC_001,29.1,54.6,10.59,77.4,SAFE,None
2026-06-01 09:14:45,REMAC_001,42.0,41.4,17.01,60.5,DANGER,High Temperature
2026-06-01 09:14:50,REMAC_001,34.5,52.4,15.26,65.1,SAFE,None
2026-06-01 09:14:55,REMAC_001,31.1,51.7,32.7,19.2,SAFE,None
2026-06-01 09:15:00,REMAC_001,34.6,51.2,38.14,4.9,DANGER,Low Material Level
2026-06-01 09:15:05,REMAC_001,31.7,40.6,20.85,50.4,SAFE,None
2026-06-01 09:15:10,REMAC_001,27.2,45.9,32.06,20.9,SAFE,None
2026-06-01 09:15:15,REMAC_001,33.0,44.9,18.87,55.6,SAFE,None
2026-06-01 09:15:20,REMAC_001,29.1,40.2,19.75,53.3,SAFE,None
2026-06-01 09:15:25,REMAC_001,30.9,45.4,21.61,48.4,SAFE,None
2026-06-01 09:15:30,REMAC_001,44.5,48.1,9.64,79.9,DANGER,High Temperature
2026-06-01 09:15:35,REMAC_001,27.2,42.5,31.87,21.4,SAFE,None
2026-06-01 09:15:40,REMAC_001,35.9,47.3,21.27,49.3,SAFE,None
2026-06-01 09:15:45,REMAC_001,30.2,51.5,31.22,23.1,SAFE,None
2026-06-01 09:15:50,REMAC_001,27.4,53.7,26.55,35.4,SAFE,None
2026-06-01 09:15:55,REMAC_001,33.4,51.8,28.68,29.8,SAFE,None
2026-06-01 09:16:00,REMAC_001,30.2,47.9,15.49,64.5,SAFE,None
2026-06-01 09:16:05,REMAC_001,33.2,42.2,20.89,50.3,SAFE,None
2026-06-01 09:16:10,REMAC_001,33.1,46.7,14.08,68.2,SAFE,None
2026-06-01 09:16:15,REMAC_001,29.9,41.6,12.98,71.1,SAFE,None
2026-06-01 09:16:20,REMAC_001,30.6,45.9,26.43,35.7,SAFE,None
2026-06-01 09:16:25,REMAC_001,29.0,41.7,37.42,6.8,DANGER,Low Material Level
2026-06-01 09:16:30,REMAC_001,29.9,54.5,29.51,27.6,SAFE,None
2026-06-01 09:16:35,REMAC_001,32.4,53.8,38.33,4.4,DANGER,Low Material Level
2026-06-01 09:16:40,REMAC_001,35.8,50.3,34.15,15.4,SAFE,None
2026-06-01 09:16:45,REMAC_001,30.2,50.3,30.61,24.7,SAFE,None
2026-06-01 09:16:50,REMAC_001,35.4,54.5,28.26,30.9,SAFE,None
2026-06-01 09:16:55,REMAC_001,33.3,44.4,18.15,57.5,SAFE,None
2026-06-01 09:17:00,REMAC_001,31.7,52.4,33.12,18.1,SAFE,None
2026-06-01 09:17:05,REMAC_001,29.4,49.6,10.25,78.3,SAFE,None
2026-06-01 09:17:10,REMAC_001,35.6,48.7,12.3,72.9,SAFE,None
2026-06-01 09:17:15,REMAC_001,44.4,49.6,34.26,15.1,DANGER,High Temperature
2026-06-01 09:17:20,REMAC_001,27.5,45.8,32.78,19.0,SAFE,None
2026-06-01 09:17:25,REMAC_001,35.0,50.1,27.99,31.6,SAFE,None
2026-06-01 09:17:30,REMAC_001,30.9,53.8,28.87,29.3,SAFE,None
2026-06-01 09:17:35,REMAC_001,31.9,52.3,25.71,37.6,SAFE,None
2026-06-01 09:17:40,REMAC_001,34.7,47.0,13.51,69.7,SAFE,None
2026-06-01 09:17:45,REMAC_001,28.5,48.5,13.02,71.0,SAFE,None
2026-06-01 09:17:50,REMAC_001,31.8,45.0,12.37,72.7,SAFE,None
2026-06-01 09:17:55,REMAC_001,28.7,48.6,38.59,3.7,DANGER,Low Material Level
2026-06-01 09:18:00,REMAC_001,32.0,42.1,14.73,66.5,SAFE,None
2026-06-01 09:18:05,REMAC_001,34.2,46.3,29.28,28.2,SAFE,None
2026-06-01 09:18:10,REMAC_001,35.3,46.9,33.77,16.4,SAFE,None
2026-06-01 09:18:15,REMAC_001,32.0,66.7,22.14,47.0,DANGER,High Humidity
2026-06-01 09:18:20,REMAC_001,46.2,48.8,29.51,27.6,DANGER,High Temperature
2026-06-01 09:18:25,REMAC_001,34.4,54.1,21.27,49.3,SAFE,None
2026-06-01 09:18:30,REMAC_001,29.8,49.0,12.45,72.5,SAFE,None
2026-06-01 09:18:35,REMAC_001,32.7,53.0,10.97,76.4,SAFE,None
2026-06-01 09:18:40,REMAC_001,34.7,49.1,13.67,69.3,SAFE,None
2026-06-01 09:18:45,REMAC_001,34.8,43.5,24.27,41.4,SAFE,None
2026-06-01 09:18:50,REMAC_001,33.3,51.3,28.79,29.5,SAFE,None
2026-06-01 09:18:55,REMAC_001,34.2,54.1,27.73,32.3,SAFE,None
2026-06-01 09:19:00,REMAC_001,30.5,67.6,24.72,40.2,DANGER,High Humidity
2026-06-01 09:19:05,REMAC_001,34.5,62.9,24.84,39.9,DANGER,High Humidity
2026-06-01 09:19:10,REMAC_001,31.8,54.2,13.44,69.9,SAFE,None
2026-06-01 09:19:15,REMAC_001,35.8,46.4,11.39,75.3,SAFE,None
2026-06-01 09:19:20,REMAC_001,29.7,49.5,35.4,12.1,DANGER,Low Material Level
2026-06-01 09:19:25,REMAC_001,29.7,47.7,28.07,31.4,SAFE,None
2026-06-01 09:19:30,REMAC_001,36.0,52.2,18.42,56.8,SAFE,None
2026-06-01 09:19:35,REMAC_001,33.5,42.0,13.97,68.5,SAFE,None
2026-06-01 09:19:40,REMAC_001,30.9,51.5,34.64,14.1,DANGER,Low Material Level
2026-06-01 09:19:45,REMAC_001,44.4,45.1,15.6,64.2,DANGER,High Temperature
2026-06-01 09:19:50,REMAC_001,27.0,43.8,9.71,79.7,SAFE,None
2026-06-01 09:19:55,REMAC_001,32.8,72.3,16.67,61.4,DANGER,High Humidity
2026-06-01 09:20:00,REMAC_001,27.8,52.5,13.48,69.8,SAFE,None
2026-06-01 09:20:05,REMAC_001,34.0,51.0,27.0,34.2,SAFE,None
2026-06-01 09:20:10,REMAC_001,32.9,41.5,11.46,75.1,SAFE,None
2026-06-01 09:20:15,REMAC_001,44.1,48.7,25.83,37.3,DANGER,High Temperature
2026-06-01 09:20:20,REMAC_001,32.5,43.1,17.92,58.1,SAFE,None
2026-06-01 09:20:25,REMAC_001,30.3,47.6,28.49,30.3,SAFE,None
2026-06-01 09:20:30,REMAC_001,31.2,48.6,14.92,66.0,SAFE,None
2026-06-01 09:20:35,REMAC_001,32.4,47.6,30.46,25.1,SAFE,None
2026-06-01 09:20:40,REMAC_001,28.9,53.3,20.81,50.5,SAFE,None
2026-06-01 09:20:45,REMAC_001,32.0,49.2,31.79,21.6,SAFE,None
2026-06-01 09:20:50,REMAC_001,29.4,45.0,35.67,11.4,DANGER,Low Material Level
2026-06-01 09:20:55,REMAC_001,33.6,44.8,39.24,2.0,DANGER,Low Material Level
2026-06-01 09:21:00,REMAC_001,30.3,48.7,31.22,23.1,SAFE,None
2026-06-01 09:21:05,REMAC_001,31.1,73.4,21.53,48.6,DANGER,High Humidity
2026-06-01 09:21:10,REMAC_001,33.1,48.0,15.83,63.6,SAFE,None
2026-06-01 09:21:15,REMAC_001,29.6,52.5,29.55,27.5,SAFE,None
2026-06-01 09:21:20,REMAC_001,33.2,43.7,33.5,17.1,SAFE,None
2026-06-01 09:21:25,REMAC_001,28.0,52.9,17.01,60.5,SAFE,None
2026-06-01 09:21:30,REMAC_001,34.3,52.7,15.6,64.2,SAFE,None
2026-06-01 09:21:35,REMAC_001,35.6,41.5,39.73,0.7,DANGER,Low Material Level
2026-06-01 09:21:40,REMAC_001,28.7,54.7,11.12,76.0,SAFE,None
2026-06-01 09:21:45,REMAC_001,47.9,53.6,11.16,75.9,DANGER,High Temperature
2026-06-01 09:21:50,REMAC_001,31.5,50.8,9.6,80.0,SAFE,None
2026-06-01 09:21:55,REMAC_001,29.7,49.8,18.38,56.9,SAFE,None
2026-06-01 09:22:00,REMAC_001,34.4,50.9,13.59,69.5,SAFE,None
2026-06-01 09:22:05,REMAC_001,32.7,44.5,19.86,53.0,SAFE,None
2026-06-01 09:22:10,REMAC_001,34.4,44.3,17.43,59.4,SAFE,None
2026-06-01 09:22:15,REMAC_001,31.9,45.5,20.32,51.8,SAFE,None
2026-06-01 09:22:20,REMAC_001,29.7,54.3,21.3,49.2,SAFE,None
2026-06-01 09:22:25,REMAC_001,35.6,51.7,30.12,26.0,SAFE,None
2026-06-01 09:22:30,REMAC_001,35.2,54.0,13.7,69.2,SAFE,None
2026-06-01 09:22:35,REMAC_001,31.9,46.5,31.79,21.6,SAFE,None
2026-06-01 09:22:40,REMAC_001,34.7,45.3,26.97,34.3,SAFE,None
2026-06-01 09:22:45,REMAC_001,30.2,42.9,24.5,40.8,SAFE,None
2026-06-01 09:22:50,REMAC_001,31.3,47.3,22.03,47.3,SAFE,None
2026-06-01 09:22:55,REMAC_001,30.8,50.5,11.65,74.6,SAFE,None
2026-06-01 09:23:00,REMAC_001,29.9,54.6,23.32,43.9,SAFE,None
2026-06-01 09:23:05,REMAC_001,28.2,46.3,21.99,47.4,SAFE,None
2026-06-01 09:23:10,REMAC_001,30.1,45.8,30.69,24.5,SAFE,None
2026-06-01 09:23:15,REMAC_001,34.2,51.2,37.91,5.5,DANGER,Low Material Level
